customer_id,first_name,last_name,email,phone,city,region,customer_type,registration_date
C00001,Sofia,Mendoza,sofia.mendoza1@example.com,09187978213,Pasig,Central Visayas,,2021-12-21
C00002,Angela,Brown,angela.brown2@example.com,09509573649, CALOOCAN,davao region ,VIP,2025-01-26
C00003,Chris,Rivera,chris.rivera3@example.com,,Davao City,Western Visayas,individual,2025-06-03
C00004,Robert,Cruz,robert.cruz4@example.com,,Iloilo,Davao Region,BUSINESS,2020-08-26
C00005,Alex,Mendoza,alex.mendoza5@example.com,09279491823,MAKATI ,Western Visayas ,,2019-10-02
C00006,Angela,Brown,angela.brown6@example.com,+63 9658010933,Manila,Davao Region,individual,2020-04-05
C00007,Michael,Taylor,michael.taylor7@example.com,09914301516,Iloilo,CALABARZON,VIP,2023-08-11
C00008,Jennifer,Taylor,jennifer.taylor8@example.com,+63 9284898049,Davao City,NCR,VIP,2021-08-31
C00009,Jennifer,Lim,jennifer.lim9@example.com,+63 9462780939,Pasig,Central Visayas,,2020-02-07
C00010,Robert,Anderson,robert.anderson10@example.com,,Davao City, NCR,,2024-06-07
C00011,Grace,Reyes,grace.reyes11@example.com,+63 9170455681,Antipolo,Davao Region,Individual,2020-12-12
C00012,Sofia,Reyes,sofia.reyes12@example.com,+63 9154287614,Taguig,Central Visayas,,2020-05-22
C00013,Kevin,Johnson,kevin.johnson13@example.com,+63 9290679038,Iloilo,CALABARZON,,2020-01-06
C00014,David,Reyes,david.reyes14@example.com,09714457408,Taguig,Western Visayas,,2023-08-05
C00015,John,Martin,john.martin15@example.com,,Manila,Davao Region,VIP,2022-02-01
C00016,David,Johnson,david.johnson16@example.com,+63 9601113183,Antipolo,Central Visayas,Individual,2024-09-26
C00017,Grace,Moore,grace.moore17@example.com,+63 9403521991,Quezon City,CALABARZON,,2022-08-24
C00018,Robert,Torres,robert.torres18@example.com,09921921869,Iloilo,CALABARZON,,2019-04-15
C00019,Robert,Lim,robert.lim19@example.com,,Manila,Davao Region,VIP,2021-06-29
C00020,Jennifer,Johnson,jennifer.johnson20@example.com,,Makati, Central Visayas,Business,2022-10-06
C00021,Kevin,Johnson,kevin.johnson21@example.com,+63 9551478978,Cebu City,CALABARZON,Individual,2024-04-11
C00022,Chris,Taylor,chris.taylor22@example.com,09176467315,Antipolo, central visayas ,individual,2025-05-21
C00023,Mark,Mendoza,mark.mendoza23@example.com,,Makati,,VIP,2021-05-07
C00024,Daniel,Martin,daniel.martin24@example.com,09937252824,Iloilo,Central Visayas,individual,2023-04-20
C00025,Angela,Torres,angela.torres25@example.com,,,NCR,Business,2021-07-15
C00026,Grace,Tan,grace.tan26@example.com,,Pasig ,CALABARZON,BUSINESS,2025-09-08
C00027,Nicole,Dela Cruz,nicole.delacruz27@example.com,09626325353,Makati,,Business,2020-06-21
C00028,John,Taylor,john.taylor28@example.com,,Manila,Western Visayas,BUSINESS,2019-07-19
C00029,Anna,Santos,anna.santos29@example.com,+63 9547509357, Davao City,Central Luzon,,2019-02-08
C00030,Anna,Thomas,anna.thomas30@example.com,09750294914,Davao City,NCR,BUSINESS,2020-04-27
C00031,Anna,Martin,anna.martin31@example.com,+63 9935327024,Antipolo,CALABARZON,VIP,2020-10-18
C00032,Jennifer,Torres,jennifer.torres32@example.com,09616108982,,NCR,BUSINESS,2024-07-16
C00033,Brian,Cruz,brian.cruz33@example.com,,Taguig,CALABARZON,Individual,2020-02-13
C00034,Maria,Tan,maria.tan34@example.com,+63 9435766697, quezon city,Western Visayas,VIP,2023-01-04
C00035,Emily,Cruz,emily.cruz35@example.com,09467995726,Davao City,Central Visayas,individual,2024-05-12
C00036,Daniel,Garcia,daniel.garcia36@example.com,09879977998,Quezon City,Davao Region,BUSINESS,2023-11-30
C00037,David,Johnson,david.johnson37@example.com,09834937767,Caloocan,NCR,individual,2019-07-08
C00038,Mark,Santos,mark.santos38@example.com,,Iloilo,Central Luzon,,2022-10-17
C00039,Rachel,Garcia,rachel.garcia39@example.com,+63 9366907512,Cebu City,Western Visayas,BUSINESS,2025-11-15
C00040,Daniel,Thomas,daniel.thomas40@example.com,09632398698,Caloocan,CALABARZON,Individual,2024-09-07
C00041,David,Brown,david.brown41@example.com,+63 9592949064,Iloilo,Central Visayas,Individual,2024-07-30
C00042,John,Garcia,john.garcia42@example.com,,Manila,Davao Region,,2022-06-01
C00043,Sofia,Anderson,sofia.anderson43@example.com,09490136011,Taguig,CALABARZON,BUSINESS,2025-09-23
C00044,Grace,Anderson,grace.anderson44@example.com,09915313588,Manila,Western Visayas,VIP,2025-02-21
C00045,Anna,Reyes,anna.reyes45@example.com,, davao city,Central Visayas,Business,2022-10-16
C00046,Nicole,Reyes,nicole.reyes46@example.com,,Quezon City,Central Visayas,BUSINESS,2024-08-27
C00047,John,Thomas,john.thomas47@example.com,,Caloocan,Central Luzon,Business,2020-06-09
C00048,Rachel,White,rachel.white48@example.com,+63 9513028367,Iloilo,Central Luzon,VIP,2022-04-19
C00049,Michael,Dela Cruz,michael.delacruz49@example.com,,Pasig,Davao Region,,2025-03-17
C00050,Sofia,Torres,sofia.torres50@example.com,+63 9837243267,Makati,Western Visayas,Business,2024-08-25
C00051,Mark,Garcia,mark.garcia51@example.com,,Iloilo,Western Visayas,,2024-12-26
C00052,Nicole,Santos,nicole.santos52@example.com,09127135757,Manila,Central Luzon,Business,2022-03-19
C00053,Michael,Reyes,michael.reyes53@example.com,,Manila,central visayas,,2025-04-17
C00054,Brian,Tan,brian.tan54@example.com,+63 9509721231,Davao City,Western Visayas,BUSINESS,2019-08-09
C00055,Emily,Torres,emily.torres55@example.com,09938511718,Cebu City,Davao Region,Business,2021-03-03
C00056,Daniel,Cruz,daniel.cruz56@example.com,,Quezon City,Central Visayas,VIP,2020-06-16
C00057,Emily,Santos,emily.santos57@example.com,09862023079,Makati,davao region,individual,2025-06-03
C00058,James,Smith,james.smith58@example.com,09297427943,Antipolo ,CALABARZON,Business,2022-09-21
C00059,Robert,Torres,robert.torres59@example.com,+63 9669618855,Antipolo,,,2022-11-18
C00060,Rachel,White,rachel.white60@example.com,+63 9832883943,Davao City,NCR,BUSINESS,2022-03-04
C00061,Brian,Johnson,brian.johnson61@example.com,+63 9578413078,Manila,Western Visayas,BUSINESS,2019-12-04
C00062,Angela,Moore,,,Taguig,Central Visayas,Business,2025-01-11
C00063,Nicole,Cruz,nicole.cruz63@example.com,+63 9125504528, CEBU CITY ,NCR,Business,2021-11-25
C00064,Alex,Brown,alex.brown64@example.com,,Quezon City,Western Visayas,Individual,2025-07-26
C00065,James,Johnson,james.johnson65@example.com,,Pasig,CALABARZON,individual,2023-04-12
C00066,John,Martin,john.martin66@example.com,,Davao City,Davao Region,,2020-08-13
C00067,Grace,Santos,grace.santos67@example.com,09696001601,,Davao Region,BUSINESS,2019-12-15
C00068,Grace,Torres,grace.torres68@example.com,09793563667,Makati ,NCR,BUSINESS,2024-03-04
C00069,James,Tan,james.tan69@example.com,09369173782,Iloilo,CALABARZON,,2021-08-18
C00070,Rachel,Cruz,rachel.cruz70@example.com,+63 9621689527,Cebu City,CALABARZON,Business,2025-05-05
C00071,Mark,Wilson,mark.wilson71@example.com,09436311814,Davao City,CALABARZON,individual,2023-12-30
C00072,Robert,Martin,robert.martin72@example.com,,Quezon City,Central Luzon,Business,2021-12-14
C00073,James,Cruz,james.cruz73@example.com,09644578566,Iloilo,Davao Region,Individual,2025-03-09
C00074,Angela,Martin,angela.martin74@example.com,+63 9492794766,Taguig,Davao Region,VIP,2020-07-02
C00075,Brian,Cruz,brian.cruz75@example.com,,Taguig,Davao Region,BUSINESS,2020-07-28
C00076,Daniel,Taylor,daniel.taylor76@example.com,,Caloocan,NCR,individual,2021-08-07
C00077,Grace,Rivera,grace.rivera77@example.com,+63 9656075031,Davao City,Central Visayas,Individual,2022-08-20
C00078,Brian,Lim,brian.lim78@example.com,,Iloilo ,Western Visayas,Individual,2024-10-17
C00079,Kevin,Thomas,kevin.thomas79@example.com,+63 9470475638,Caloocan,NCR,Business,2023-12-07
C00080,James,Thomas,james.thomas80@example.com,09327114760,Makati,Western Visayas,,2021-08-01
C00081,Mark,Garcia,mark.garcia81@example.com,09614123310,Iloilo ,NCR ,BUSINESS,2019-06-10
C00082,Maria,Mendoza,maria.mendoza82@example.com,+63 9654738715,Iloilo,,,2022-03-07
C00083,Alex,White,alex.white83@example.com,09617187507,Davao City,Davao Region,Business,2024-09-23
C00084,Mark,Anderson,mark.anderson84@example.com,+63 9346760672, Davao City,Davao Region,Business,2025-10-16
C00085,Jennifer,White,jennifer.white85@example.com,,quezon city,NCR,,2023-11-03
C00086,Grace,Reyes,grace.reyes86@example.com,+63 9346408985,Davao City,Western Visayas,,2025-06-17
C00087,Michael,Lim,michael.lim87@example.com,+63 9189998443,Iloilo,Central Visayas,Individual,2019-01-30
C00088,Anna,Thomas,,,Cebu City,NCR ,BUSINESS,2023-10-01
C00089,Rachel,Lim,rachel.lim89@example.com,09526763137,Davao City,Davao Region,VIP,2025-04-09
C00090,Emily,Tan,emily.tan90@example.com,+63 9857519068,Makati, Western Visayas,Business,2020-02-15
C00091,David,Smith,david.smith91@example.com,,Manila ,NCR,individual,2025-09-24
C00092,James,Lim,james.lim92@example.com,09185942015,Davao City,Central Visayas,BUSINESS,2022-03-19
C00093,Maria,Mendoza,maria.mendoza93@example.com,09571342650,Antipolo,NCR,BUSINESS,2024-10-13
C00094,Rachel,Mendoza,rachel.mendoza94@example.com,,Manila,NCR,individual,2022-12-17
C00095,David,Taylor,david.taylor95@example.com,,Quezon City,Davao Region,BUSINESS,2025-07-15
C00096,Emily,Rivera,emily.rivera96@example.com,+63 9588293766,,Central Luzon,Individual,2025-04-07
C00097,Robert,Smith,robert.smith97@example.com,+63 9651137378,Antipolo,Davao Region,individual,2023-03-25
C00098,Kevin,Smith,kevin.smith98@example.com,+63 9831856709,Iloilo, Central Visayas,Business,2021-07-30
C00099,Grace,Thomas,grace.thomas99@example.com,+63 9993543297,Taguig,Central Visayas,VIP,2019-11-08
C00100,Daniel,Martin,daniel.martin100@example.com,+63 9716019237,Makati,Western Visayas,Business,2024-08-05
C00101,Kevin,Rivera,kevin.rivera101@example.com,09322026871,Taguig, CALABARZON,,2024-07-10
C00102,Angela,Reyes,angela.reyes102@example.com,+63 9766436631,Caloocan,Davao Region,individual,2021-01-19
C00103,David,Rivera,david.rivera103@example.com,,Davao City,DAVAO REGION,individual,2020-05-08
C00104,Alex,Smith,alex.smith104@example.com,09112691606,Davao City,CALABARZON,VIP,2021-02-05
C00105,Kevin,Lim,kevin.lim105@example.com,+63 9468397022,Makati,Central Luzon,VIP,2023-02-04
C00106,Alex,Mendoza,alex.mendoza106@example.com,09718360105,Quezon City,Central Luzon,individual,2021-03-14
C00107,Michael,Martin,michael.martin107@example.com,+63 9552604373,Makati,Western Visayas,,2022-07-17
C00108,Emily,Moore,emily.moore108@example.com,09151227475, makati,Central Visayas,VIP,2023-01-18
C00109,Angela,Lim,angela.lim109@example.com,+63 9230177767,Iloilo,Davao Region,BUSINESS,2020-12-15
C00110,Mark,Thomas,mark.thomas110@example.com,09890838947,Davao City,Central Visayas,Business,2020-11-17
C00111,Mark,Wilson,mark.wilson111@example.com,09713791169, Quezon City ,CALABARZON,BUSINESS,2023-06-08
C00112,Alex,Johnson,alex.johnson112@example.com,+63 9583493761, Makati,Western Visayas,,2019-11-24
C00113,David,Garcia,david.garcia113@example.com,09608079376,Manila,Davao Region,Individual,2020-03-01
C00114,Michael,Cruz,michael.cruz114@example.com,09518594177,Taguig,Central Visayas,Business,2024-11-27
C00115,Maria,Johnson,maria.johnson115@example.com,+63 9611267257,Antipolo,Davao Region,,2025-01-17
C00116,Rachel,Anderson,rachel.anderson116@example.com,+63 9705573731,Antipolo,Davao Region,VIP,2024-05-26
C00117,James,Anderson,james.anderson117@example.com,09542600470,,Davao Region,Business,2022-11-09
C00118,Angela,Santos,angela.santos118@example.com,+63 9911182636,,Central Visayas,BUSINESS,2021-08-05
C00119,Grace,Torres,grace.torres119@example.com,+63 9569339388,Taguig ,Central Visayas,Individual,2023-09-26
C00120,Brian,White,brian.white120@example.com,+63 9391912946,Antipolo, Central Visayas ,Individual,2024-02-09
C00121,Emily,White,emily.white121@example.com,09444288576,Manila, NCR ,,2023-12-01
C00122,Kevin,Cruz,kevin.cruz122@example.com,+63 9333203933,Davao City,Central Visayas,individual,2019-05-10
C00123,Michael,Reyes,michael.reyes123@example.com,,Caloocan ,Central Visayas,Individual,2021-10-16
C00124,Alex,Rivera,alex.rivera124@example.com,+63 9313867761,Quezon City,Central Luzon,,2022-07-02
C00125,Maria,Moore,maria.moore125@example.com,,Pasig,NCR,Business,2020-04-07
C00126,Nicole,Smith,,,Quezon City,,Individual,2025-07-08
C00127,Rachel,Dela Cruz,rachel.delacruz127@example.com,09196078316,caloocan, WESTERN VISAYAS,Individual,2020-05-30
C00128,Mark,Moore,mark.moore128@example.com,+63 9472929578,,Central Visayas,Business,2021-10-23
C00129,Alex,Moore,alex.moore129@example.com,09848438614, Iloilo,CALABARZON,BUSINESS,2025-03-21
C00130,Brian,Dela Cruz,brian.delacruz130@example.com,,Cebu City,Western Visayas,,2021-01-29
C00131,Grace,White,grace.white131@example.com,,Antipolo,Central Luzon,individual,2025-03-08
C00132,Robert,Smith,robert.smith132@example.com,09445770698,Antipolo,NCR,Business,2021-01-01
C00133,Anna,Martin,anna.martin133@example.com,,Davao City,Davao Region,BUSINESS,2021-11-14
C00134,Kevin,White,kevin.white134@example.com,,Caloocan,NCR,,2019-09-06
C00135,Nicole,Johnson,nicole.johnson135@example.com,,Pasig,WESTERN VISAYAS,Individual,2020-02-19
C00136,Angela,Brown,angela.brown136@example.com,09664994379,Iloilo,Central Luzon,BUSINESS,2023-08-28
C00137,Chris,Johnson,chris.johnson137@example.com,+63 9814298538, Quezon City ,CALABARZON,BUSINESS,2025-09-23
C00138,Grace,Smith,grace.smith138@example.com,+63 9499130788,Davao City,CALABARZON,BUSINESS,2025-02-12
C00139,Angela,Lim,angela.lim139@example.com,+63 9580499237,Manila,CALABARZON,BUSINESS,2020-07-07
C00140,Robert,Rivera,robert.rivera140@example.com,,Pasig,Davao Region,BUSINESS,2020-09-25
C00141,Alex,Johnson,alex.johnson141@example.com,,Taguig,CALABARZON,,2022-08-22
C00142,Jennifer,Taylor,jennifer.taylor142@example.com,, pasig,CALABARZON,individual,2023-09-03
C00143,Kevin,White,kevin.white143@example.com,, davao city,CALABARZON,Business,2020-09-19
C00144,David,Anderson,david.anderson144@example.com,09717675194,Taguig, Central Visayas ,,2019-07-21
C00145,Emily,Cruz,emily.cruz145@example.com,,Makati,Central Visayas,individual,2023-06-08
C00146,Sofia,Moore,sofia.moore146@example.com,09889917232, taguig, NCR ,Business,2022-08-06
C00147,John,Tan,john.tan147@example.com,+63 9761662253, Iloilo,Central Luzon,Business,2019-12-18
C00148,Maria,Rivera,maria.rivera148@example.com,+63 9993830749,Manila,NCR,individual,2019-04-04
C00149,Angela,Torres,angela.torres149@example.com,+63 9905687707,Antipolo,Western Visayas,,2019-03-17
C00150,Brian,Reyes,brian.reyes150@example.com,09164542674,Iloilo,Central Visayas,Individual,2019-09-30
C00151,Emily,Johnson,emily.johnson151@example.com,,Davao City,Central Visayas,,2020-02-12
C00152,Rachel,Moore,rachel.moore152@example.com,+63 9637569722,Antipolo, ncr ,,2020-10-05
C00153,Grace,Johnson,grace.johnson153@example.com,+63 9638214657,Manila,Central Visayas,Individual,2025-03-23
C00154,Michael,Smith,michael.smith154@example.com,09805375110,Davao City,Western Visayas,,2021-07-20
C00155,Chris,Dela Cruz,chris.delacruz155@example.com,+63 9750009892,Caloocan,Central Luzon,BUSINESS,2025-01-26
C00156,Sofia,Dela Cruz,sofia.delacruz156@example.com,09857134424,Davao City,Central Luzon,BUSINESS,2020-10-09
C00157,Angela,Moore,angela.moore157@example.com,+63 9297713683,Makati,CALABARZON,individual,2023-08-12
C00158,Emily,Dela Cruz,emily.delacruz158@example.com,09214644955,Manila,Davao Region,BUSINESS,2025-05-11
C00159,Rachel,Rivera,rachel.rivera159@example.com,09128008008,Caloocan ,Western Visayas,individual,2024-07-05
C00160,Daniel,Torres,daniel.torres160@example.com,09538719265,Pasig,Central Luzon,Business,2021-04-17
C00161,Alex,White,alex.white161@example.com,09448854016,Davao City,NCR,individual,2022-07-05
C00162,Chris,White,chris.white162@example.com,09788691372,ANTIPOLO,Central Luzon,individual,2019-06-10
C00163,Brian,Reyes,brian.reyes163@example.com,+63 9527392079,Pasig,Central Visayas,Individual,2024-10-18
C00164,Alex,Cruz,alex.cruz164@example.com,, Antipolo ,Central Luzon,,2021-04-07
C00165,Emily,Smith,emily.smith165@example.com,09863934819,quezon city ,Western Visayas,BUSINESS,2025-11-12
C00166,Angela,Brown,angela.brown166@example.com,, Makati,NCR,VIP,2024-01-02
C00167,Daniel,Garcia,daniel.garcia167@example.com,,,Central Visayas,BUSINESS,2019-01-24
C00168,Jennifer,Rivera,jennifer.rivera168@example.com,+63 9610791858,Davao City,Davao Region,Business,2025-02-19
C00169,Angela,Torres,angela.torres169@example.com,,cebu city,CALABARZON,Individual,2019-07-20
C00170,Daniel,Mendoza,daniel.mendoza170@example.com,,Iloilo, Davao Region,Individual,2020-01-17
C00171,Grace,Brown,grace.brown171@example.com,,Quezon City,Central Luzon ,individual,2024-11-18
C00172,Sofia,White,sofia.white172@example.com,,Antipolo,Central Visayas,BUSINESS,2022-03-22
C00173,Mark,Lim,mark.lim173@example.com,09769203305,Iloilo,Davao Region,individual,2024-07-10
C00174,Rachel,Rivera,rachel.rivera174@example.com,09307828574,Manila,NCR,Business,2025-11-25
C00175,Maria,Smith,maria.smith175@example.com,09965482632,Manila,Western Visayas,Individual,2022-06-14
C00176,Angela,Smith,angela.smith176@example.com,+63 9836410568,Cebu City,Davao Region,Individual,2020-12-20
C00177,Mark,Martin,mark.martin177@example.com,,Makati,Western Visayas,BUSINESS,2022-10-04
C00178,Nicole,Reyes,nicole.reyes178@example.com,,Cebu City,NCR,,2022-09-20
C00179,Michael,Lim,michael.lim179@example.com,,Antipolo,Davao Region,Business,2025-09-03
C00180,Robert,Smith,robert.smith180@example.com,09391518128,Caloocan,CALABARZON,VIP,2021-06-04
C00181,Daniel,Garcia,daniel.garcia181@example.com,09140152609,Quezon City,NCR,BUSINESS,2020-09-23
C00182,Jennifer,Thomas,jennifer.thomas182@example.com,09451476453,Antipolo,Central Luzon,Individual,2024-02-25
C00183,Brian,Garcia,,,Quezon City,ncr ,VIP,2021-05-09
C00184,Sofia,Tan,sofia.tan184@example.com,+63 9929773829,Quezon City,Central Luzon,Individual,2025-04-11
C00185,Sofia,Moore,sofia.moore185@example.com,09441970569,Pasig, central luzon ,Business,2019-04-29
C00186,Maria,Garcia,maria.garcia186@example.com,+63 9557914110,Makati,Davao Region,,2024-01-01
C00187,Robert,Smith,robert.smith187@example.com,,antipolo,NCR,,2024-04-02
C00188,Robert,Anderson,robert.anderson188@example.com,,Pasig,Central Visayas ,VIP,2024-01-31
C00189,James,Martin,james.martin189@example.com,09613948760,Pasig,Davao Region,BUSINESS,2020-02-26
C00190,Anna,Smith,anna.smith190@example.com,+63 9950866243,Antipolo,Davao Region,BUSINESS,2021-09-25
C00191,Jennifer,Brown,jennifer.brown191@example.com,,Iloilo,Central Visayas,VIP,2025-02-08
C00192,Daniel,Cruz,daniel.cruz192@example.com,+63 9716529978,Quezon City,Central Visayas,Individual,2023-12-29
C00193,David,Cruz,david.cruz193@example.com,,Davao City,Western Visayas,Individual,2021-06-10
C00194,Chris,Santos,chris.santos194@example.com,+63 9260219920,Antipolo,Davao Region,Business,2021-04-22
C00195,Mark,Tan,mark.tan195@example.com,+63 9427008211,Cebu City,,BUSINESS,2023-07-14
C00196,Robert,Reyes,robert.reyes196@example.com,09689360922,Antipolo, CALABARZON ,BUSINESS,2023-06-03
C00197,David,Brown,david.brown197@example.com,,Makati,Central Luzon,VIP,2023-09-05
C00198,Michael,Dela Cruz,,09796202652,Caloocan, central luzon ,,2025-10-11
C00199,Daniel,Anderson,daniel.anderson199@example.com,+63 9980544989,Davao City,Central Luzon,Individual,2025-06-25
C00200,Kevin,Thomas,kevin.thomas200@example.com,+63 9718853630,Manila,Davao Region,VIP,2020-04-08
C00201,James,Dela Cruz,james.delacruz201@example.com,+63 9905931508,Caloocan,Davao Region,Individual,2021-10-01
C00202,James,Moore,james.moore202@example.com,09435544022,Cebu City,NCR,BUSINESS,2024-04-05
C00203,Mark,Wilson,mark.wilson203@example.com,+63 9416343609,makati,Davao Region,,2024-04-22
C00204,Chris,Reyes,chris.reyes204@example.com,,,central visayas ,Business,2025-11-27
C00205,Emily,Santos,emily.santos205@example.com,,Makati,CALABARZON,VIP,2021-08-25
C00206,Brian,Reyes,brian.reyes206@example.com,,Makati,Central Visayas,Business,2023-12-08
C00207,Daniel,Torres,daniel.torres207@example.com,,Pasig, NCR ,BUSINESS,2021-08-15
C00208,David,Martin,david.martin208@example.com,09669557898,Pasig,Central Visayas,VIP,2024-12-11
C00209,Anna,Moore,anna.moore209@example.com,,Pasig,CALABARZON,VIP,2025-07-20
C00210,Kevin,Taylor,kevin.taylor210@example.com,,Makati,NCR,Individual,2019-02-18
C00211,Brian,Garcia,brian.garcia211@example.com,,Pasig,,Individual,2019-08-21
C00212,Sofia,White,sofia.white212@example.com,09860289849,Iloilo,Davao Region,Business,2020-03-30
C00213,Emily,Tan,emily.tan213@example.com,+63 9785885348,Pasig,Western Visayas,VIP,2021-11-20
C00214,James,Lim,james.lim214@example.com,+63 9517245798,Manila, CALABARZON,Business,2025-11-04
C00215,Jennifer,Garcia,jennifer.garcia215@example.com,09925393205,Iloilo,Central Visayas,Individual,2019-05-23
C00216,Chris,Lim,chris.lim216@example.com,09120148538,Manila,Western Visayas,Business,2022-09-12
C00217,John,Thomas,john.thomas217@example.com,+63 9626863054,Davao City,Western Visayas,Individual,2025-01-21
C00218,David,Martin,david.martin218@example.com,+63 9485385619,Pasig,Western Visayas,,2020-01-07
C00219,Mark,Cruz,mark.cruz219@example.com,+63 9923031795, Taguig ,Central Luzon,individual,2020-03-13
C00220,Grace,Martin,grace.martin220@example.com,, Taguig,Davao Region,individual,2019-09-16
C00221,Robert,Martin,robert.martin221@example.com,+63 9971640080,MANILA ,NCR,,2024-11-12
C00222,Angela,Dela Cruz,angela.delacruz222@example.com,09350166446,Makati,NCR,BUSINESS,2019-07-07
C00223,Michael,Santos,michael.santos223@example.com,09153641985,Caloocan, davao region,BUSINESS,2021-06-22
C00224,Sofia,Wilson,sofia.wilson224@example.com,,Davao City,Western Visayas,Business,2022-08-10
C00225,Maria,Taylor,maria.taylor225@example.com,+63 9229649486,Makati,Central Luzon,BUSINESS,2020-11-06
C00226,Chris,Reyes,chris.reyes226@example.com,,Davao City,NCR,Individual,2019-01-27
C00227,James,Taylor,james.taylor227@example.com,+63 9844643743,Makati,Western Visayas,individual,2023-08-15
C00228,Rachel,Reyes,rachel.reyes228@example.com,,Quezon City,CALABARZON,Individual,2025-04-03
C00229,Anna,Thomas,anna.thomas229@example.com,,Antipolo,Western Visayas,VIP,2019-08-06
C00230,Michael,Martin,michael.martin230@example.com,09271540556,Manila,CALABARZON,VIP,2022-10-01
C00231,Alex,Reyes,alex.reyes231@example.com,09156324816,Makati,Central Visayas,Individual,2021-08-21
C00232,Chris,Taylor,chris.taylor232@example.com,,Cebu City,NCR,Individual,2021-08-29
C00233,Sofia,Brown,sofia.brown233@example.com,, CALOOCAN,Central Luzon,Business,2024-02-18
C00234,Grace,Lim,grace.lim234@example.com,,ILOILO ,Central Luzon,Business,2022-04-23
C00235,Rachel,Mendoza,rachel.mendoza235@example.com,09693516844,Davao City,Central Visayas,Business,2025-08-20
C00236,Alex,Lim,,09559680005,Taguig,Davao Region,BUSINESS,2020-09-02
C00237,John,Wilson,john.wilson237@example.com,, antipolo,NCR,Business,2019-12-07
C00238,John,Wilson,john.wilson238@example.com,+63 9484835170,Taguig,,,2022-06-02
C00239,Alex,Taylor,alex.taylor239@example.com,+63 9588381587,Makati,Central Visayas,,2019-01-06
C00240,David,Smith,david.smith240@example.com,+63 9557309058,Iloilo,Central Luzon,Individual,2022-10-07
C00241,Maria,Thomas,maria.thomas241@example.com,09824403104,Quezon City,Central Visayas,VIP,2023-02-09
C00242,Angela,Cruz,angela.cruz242@example.com,09930620382,Cebu City,NCR,,2025-07-04
C00243,Kevin,Smith,kevin.smith243@example.com,,Davao City,NCR,individual,2024-06-14
C00244,Anna,Martin,anna.martin244@example.com,,Pasig,CALABARZON,,2019-09-26
C00245,Alex,Cruz,alex.cruz245@example.com,09291997732, Quezon City ,Central Luzon,BUSINESS,2019-04-03
C00246,Angela,Dela Cruz,angela.delacruz246@example.com,,Manila,,Business,2024-10-29
C00247,Nicole,Taylor,nicole.taylor247@example.com,+63 9944846231,Caloocan,Western Visayas,BUSINESS,2023-12-29
C00248,Chris,Dela Cruz,chris.delacruz248@example.com,+63 9284401329,Taguig,CALABARZON,Individual,2020-08-30
C00249,Alex,Mendoza,alex.mendoza249@example.com,, Pasig,Western Visayas,Business,2021-09-01
C00250,Mark,Taylor,mark.taylor250@example.com,09379610097,Taguig,NCR,VIP,2020-08-28
C00251,Angela,Mendoza,angela.mendoza251@example.com,+63 9126763237,Caloocan,Central Visayas,Business,2019-01-18
C00252,Brian,Smith,brian.smith252@example.com,+63 9608857707,Iloilo,Davao Region,individual,2022-10-19
C00253,Jennifer,Reyes,jennifer.reyes253@example.com,+63 9225494759,Manila,Central Luzon,Individual,2022-08-29
C00254,Sofia,Taylor,sofia.taylor254@example.com,+63 9923662117,,Davao Region,,2019-12-24
C00255,Sofia,Martin,sofia.martin255@example.com,09749697362,Cebu City,Western Visayas,VIP,2023-05-01
C00256,Robert,Johnson,robert.johnson256@example.com,09578433629,Taguig,Central Visayas,individual,2023-12-18
C00257,Nicole,Wilson,nicole.wilson257@example.com,09730479792,Makati,Central Visayas,BUSINESS,2022-10-05
C00258,Chris,Brown,chris.brown258@example.com,+63 9785912716, Davao City,Central Luzon,individual,2022-03-31
C00259,Maria,Tan,maria.tan259@example.com,,Caloocan, NCR,,2024-04-19
C00260,Robert,Wilson,robert.wilson260@example.com,09838565998, Manila,NCR,VIP,2025-07-08
C00261,Nicole,Lim,nicole.lim261@example.com,09611144821,Cebu City,,VIP,2020-10-29
C00262,Michael,Smith,michael.smith262@example.com,+63 9245489216,MAKATI,NCR,BUSINESS,2019-11-11
C00263,Daniel,Garcia,daniel.garcia263@example.com,+63 9683806675,Cebu City,Western Visayas,VIP,2023-01-24
C00264,Chris,Johnson,chris.johnson264@example.com,,Pasig,Central Visayas,Business,2020-02-24
C00265,Brian,Rivera,brian.rivera265@example.com,,Antipolo,Western Visayas,Individual,2023-09-06
C00266,James,Garcia,james.garcia266@example.com,+63 9614878782,Pasig,Central Luzon,BUSINESS,2024-11-12
C00267,Robert,Santos,robert.santos267@example.com,09227342442,Makati, CALABARZON ,,2020-04-02
C00268,Jennifer,Wilson,jennifer.wilson268@example.com,,Antipolo, Central Visayas ,,2019-02-12
C00269,Anna,White,anna.white269@example.com,,,Central Luzon,VIP,2025-07-02
C00270,Daniel,Thomas,daniel.thomas270@example.com,,iloilo,Western Visayas,VIP,2020-12-04
C00271,Anna,Torres,anna.torres271@example.com,+63 9609721894,Iloilo ,CALABARZON,individual,2021-05-27
C00272,Nicole,Garcia,nicole.garcia272@example.com,+63 9232731028,Quezon City,Central Visayas,,2022-03-26
C00273,Maria,Cruz,maria.cruz273@example.com,+63 9513155580,Caloocan,CALABARZON,individual,2021-07-14
C00274,Robert,Wilson,robert.wilson274@example.com,+63 9961609527,Cebu City ,NCR,BUSINESS,2019-12-15
C00275,David,Brown,david.brown275@example.com,09209223328,Quezon City,Central Luzon,BUSINESS,2023-07-14
C00276,Nicole,Martin,nicole.martin276@example.com,,Iloilo,Western Visayas,VIP,2024-05-02
C00277,David,Martin,david.martin277@example.com,+63 9924633240, Quezon City ,,,2019-08-05
C00278,John,Mendoza,john.mendoza278@example.com,09829290130,Pasig,NCR,,2024-10-30
C00279,Alex,Torres,alex.torres279@example.com,,Pasig,Davao Region,Individual,2023-10-29
C00280,Alex,Smith,alex.smith280@example.com,09575191040,Manila, Western Visayas ,individual,2024-06-19
C00281,Jennifer,Moore,jennifer.moore281@example.com,+63 9604463645,Antipolo,DAVAO REGION ,,2022-12-15
C00282,Maria,Santos,maria.santos282@example.com,+63 9998651200,Cebu City,,,2022-10-29
C00283,Nicole,Johnson,nicole.johnson283@example.com,09542306042,Taguig,Western Visayas,Individual,2019-09-26
C00284,Mark,Mendoza,,+63 9140133915,Davao City,Central Visayas,,2024-04-07
C00285,Mark,Brown,mark.brown285@example.com,09446197308, caloocan,Western Visayas,BUSINESS,2022-05-11
C00286,Sofia,Martin,sofia.martin286@example.com,,Taguig,NCR,BUSINESS,2023-07-05
C00287,James,Taylor,james.taylor287@example.com,09461677118,Iloilo,Central Visayas,VIP,2019-11-11
C00288,Robert,Thomas,robert.thomas288@example.com,,Cebu City,Central Visayas,BUSINESS,2024-01-31
C00289,Angela,Mendoza,angela.mendoza289@example.com,,Makati,Central Luzon,,2024-03-29
C00290,Angela,White,angela.white290@example.com,,Manila,CALABARZON,Business,2020-09-08
C00291,Robert,Wilson,robert.wilson291@example.com,,Taguig,CALABARZON,,2020-10-19
C00292,Rachel,Rivera,rachel.rivera292@example.com,09221932595,Manila,CALABARZON,BUSINESS,2023-11-22
C00293,Maria,Torres,maria.torres293@example.com,+63 9131290846,Pasig,Central Luzon,Individual,2024-06-13
C00294,James,Smith,james.smith294@example.com,+63 9537020273,Quezon City,Western Visayas,Business,2020-04-03
C00295,Brian,Garcia,brian.garcia295@example.com,,Pasig,NCR,Individual,2022-07-07
C00296,Chris,Brown,chris.brown296@example.com,+63 9353336580, Taguig,Central Visayas,BUSINESS,2019-08-18
C00297,Grace,Garcia,grace.garcia297@example.com,,Taguig,Central Luzon,,2023-02-15
C00298,Rachel,Reyes,rachel.reyes298@example.com,09811056998,Taguig,Central Visayas,,2023-01-26
C00299,Angela,Rivera,angela.rivera299@example.com,+63 9108446160,Pasig,Central Luzon,Business,2023-12-03
C00300,Nicole,Reyes,nicole.reyes300@example.com,+63 9983901883,Caloocan,CALABARZON,Individual,2020-10-18
C00301,Brian,Cruz,brian.cruz301@example.com,,Cebu City,NCR,,2021-01-22
C00302,Michael,Santos,michael.santos302@example.com,+63 9428079168,ILOILO,Western Visayas,BUSINESS,2023-08-08
C00303,Jennifer,Dela Cruz,jennifer.delacruz303@example.com,+63 9736750819,Pasig,Central Visayas,individual,2023-03-26
C00304,John,Santos,john.santos304@example.com,,Taguig,Central Visayas,,2020-11-22
C00305,Rachel,Wilson,rachel.wilson305@example.com,+63 9195628804,Makati,,BUSINESS,2023-11-18
C00306,Jennifer,Garcia,jennifer.garcia306@example.com,+63 9304595238,Pasig,Central Visayas,VIP,2021-02-14
C00307,Nicole,Dela Cruz,,,Caloocan,CALABARZON,,2024-02-20
C00308,Jennifer,Dela Cruz,jennifer.delacruz308@example.com,,Taguig,Western Visayas,BUSINESS,2021-11-15
C00309,Angela,Reyes,angela.reyes309@example.com,+63 9605659835,Iloilo,Davao Region,Individual,2019-01-22
C00310,Rachel,Brown,rachel.brown310@example.com,+63 9820762108,Makati, DAVAO REGION ,VIP,2024-04-01
C00311,Mark,Thomas,mark.thomas311@example.com,+63 9225458204,Manila,Central Visayas,VIP,2023-01-16
C00312,Emily,White,emily.white312@example.com,+63 9655095194,Davao City,CALABARZON,individual,2020-09-11
C00313,Alex,Reyes,alex.reyes313@example.com,09158591050,Manila,Central Luzon,individual,2020-04-20
C00314,Alex,Johnson,alex.johnson314@example.com,+63 9620979010,Caloocan , calabarzon ,BUSINESS,2022-01-22
C00315,Chris,Torres,chris.torres315@example.com,,Makati,NCR,individual,2020-01-22
C00316,Robert,Garcia,robert.garcia316@example.com,+63 9213891709,,Central Visayas,,2024-05-19
C00317,Emily,White,emily.white317@example.com,,Iloilo,CALABARZON,,2025-05-20
C00318,Maria,Tan,maria.tan318@example.com,09159630273,Antipolo, CENTRAL VISAYAS,individual,2020-01-01
C00319,Sofia,Mendoza,sofia.mendoza319@example.com,, Makati ,CALABARZON,BUSINESS,2020-06-21
C00320,Anna,Johnson,anna.johnson320@example.com,+63 9578290147,Caloocan,Davao Region,individual,2023-02-17
C00321,Nicole,Wilson,nicole.wilson321@example.com,+63 9466945733,Taguig, Western Visayas,BUSINESS,2019-12-10
C00322,Nicole,Cruz,nicole.cruz322@example.com,09612831297,Makati,CALABARZON,BUSINESS,2023-10-18
C00323,Maria,Moore,maria.moore323@example.com,09148420285,Antipolo,NCR,,2025-05-17
C00324,Emily,Taylor,emily.taylor324@example.com,09640569491, Caloocan ,NCR,,2022-05-04
C00325,Alex,Anderson,alex.anderson325@example.com,09384621456,Taguig, western visayas ,Business,2024-05-08
C00326,David,White,david.white326@example.com,,Cebu City,Western Visayas,VIP,2019-12-25
C00327,John,Torres,john.torres327@example.com,09117056653,Manila, Western Visayas,BUSINESS,2021-02-20
C00328,Alex,Dela Cruz,alex.delacruz328@example.com,09123425640,Makati,Central Visayas,individual,2019-03-22
C00329,Kevin,Torres,kevin.torres329@example.com,+63 9995327309,Manila,NCR,,2023-11-04
C00330,Jennifer,Taylor,jennifer.taylor330@example.com,09695179948,Caloocan,Davao Region,BUSINESS,2024-06-21
C00331,Maria,Thomas,,,Quezon City,Western Visayas,individual,2020-04-23
C00332,Grace,Anderson,grace.anderson332@example.com,+63 9273230463,Taguig,Central Visayas,Business,2025-08-04
C00333,Rachel,Anderson,rachel.anderson333@example.com,,Davao City,Western Visayas,VIP,2024-04-18
C00334,Sofia,Tan,sofia.tan334@example.com,+63 9816246415, Makati ,Central Visayas,individual,2022-05-28
C00335,Angela,Reyes,angela.reyes335@example.com,+63 9380040464,Makati,NCR,Individual,2021-07-17
C00336,Kevin,Martin,kevin.martin336@example.com,+63 9942764719,Manila,Davao Region,Business,2024-10-12
C00337,Anna,Reyes,anna.reyes337@example.com,+63 9957905637,Quezon City,Davao Region,Individual,2025-04-22
C00338,Anna,Mendoza,anna.mendoza338@example.com,09320531781,Pasig,Davao Region,Individual,2020-09-23
C00339,Mark,Dela Cruz,mark.delacruz339@example.com,+63 9571489117,Manila,Central Visayas,BUSINESS,2020-12-02
C00340,Grace,Wilson,grace.wilson340@example.com,09814033220,Antipolo, Central Luzon,individual,2024-10-15
C00341,John,Anderson,john.anderson341@example.com,,QUEZON CITY ,NCR,Individual,2020-09-10
C00342,Brian,Tan,brian.tan342@example.com,,Pasig,CALABARZON,Individual,2022-02-19
C00343,Michael,Brown,michael.brown343@example.com,,Iloilo,Western Visayas,,2023-07-15
C00344,Robert,Cruz,,,Makati,Davao Region,Individual,2024-09-26
C00345,Brian,Smith,brian.smith345@example.com,09271828050,Antipolo,Central Luzon,VIP,2023-09-28
C00346,Maria,Johnson,maria.johnson346@example.com,09644923310,Manila,NCR,BUSINESS,2019-01-22
C00347,Kevin,Taylor,kevin.taylor347@example.com,,Iloilo,CALABARZON,,2025-06-04
C00348,David,Thomas,david.thomas348@example.com,,Iloilo,CALABARZON,Business,2023-10-10
C00349,James,Reyes,james.reyes349@example.com,09239654428, caloocan,Central Visayas,BUSINESS,2024-08-05
C00350,Alex,Martin,alex.martin350@example.com,09547666960,Makati,Central Visayas,Business,2024-10-03
C00351,Sofia,Anderson,sofia.anderson351@example.com,,Cebu City,NCR,individual,2020-03-27
C00352,Chris,Tan,chris.tan352@example.com,+63 9226424741,Pasig,CALABARZON,Individual,2020-08-08
C00353,Chris,Wilson,chris.wilson353@example.com,09427667311,Makati,,BUSINESS,2022-11-29
C00354,Maria,Wilson,maria.wilson354@example.com,+63 9707484447,Cebu City,Central Visayas,BUSINESS,2020-06-27
C00355,Alex,Anderson,alex.anderson355@example.com,+63 9881538189,Quezon City,Western Visayas,individual,2021-08-11
C00356,Angela,Reyes,angela.reyes356@example.com,+63 9890180346,Quezon City,,,2022-06-19
C00357,Anna,Moore,anna.moore357@example.com,,Manila, Davao Region,Individual,2024-12-18
C00358,Emily,Torres,emily.torres358@example.com,+63 9722290025,Quezon City,Davao Region,BUSINESS,2019-07-04
C00359,John,Smith,john.smith359@example.com,,Cebu City, NCR ,Business,2021-01-18
C00360,James,Dela Cruz,james.delacruz360@example.com,09537309736,Manila,CALABARZON ,Individual,2022-08-03
C00361,Mark,Lim,mark.lim361@example.com,09988780552,Taguig,Davao Region,individual,2024-09-14
C00362,Anna,Lim,anna.lim362@example.com,+63 9693909246,Quezon City,Central Visayas,Individual,2022-01-07
C00363,Anna,Rivera,anna.rivera363@example.com,09799597461,Pasig, central visayas,VIP,2025-01-22
C00364,Kevin,Moore,kevin.moore364@example.com,09696090185,Manila,Davao Region,Business,2019-01-03
C00365,Jennifer,Lim,jennifer.lim365@example.com,+63 9508186724,Taguig,Davao Region,Business,2024-12-27
C00366,Robert,Cruz,robert.cruz366@example.com,09232045510,Antipolo,Central Visayas,BUSINESS,2022-07-27
C00367,Emily,Anderson,emily.anderson367@example.com,+63 9445356445,Taguig,Davao Region,,2020-07-01
C00368,John,White,john.white368@example.com,09110284954,Davao City,Western Visayas,individual,2025-01-13
C00369,James,Moore,,,Caloocan,CALABARZON,individual,2025-09-28
C00370,Daniel,Santos,daniel.santos370@example.com,+63 9307222353,Manila,NCR,,2023-01-05
C00371,Rachel,Tan,rachel.tan371@example.com,+63 9351532545,CEBU CITY,NCR,,2023-06-11
C00372,Emily,Taylor,emily.taylor372@example.com,09283048386,Iloilo,Davao Region,Individual,2025-08-06
C00373,James,Dela Cruz,james.delacruz373@example.com,,Pasig,,,2024-12-22
C00374,Angela,Anderson,,,Manila,CALABARZON,individual,2022-01-27
C00375,Brian,Anderson,brian.anderson375@example.com,09655400377,taguig ,Central Visayas,Individual,2025-05-31
C00376,Kevin,Wilson,kevin.wilson376@example.com,09368418452,Cebu City,Western Visayas,Individual,2024-05-19
C00377,John,Taylor,john.taylor377@example.com,09458954609,Quezon City,CALABARZON,VIP,2024-10-29
C00378,Rachel,White,rachel.white378@example.com,+63 9771463117,Iloilo,Central Visayas,,2019-09-24
C00379,Alex,Reyes,alex.reyes379@example.com,09772361249,Quezon City, davao region,individual,2021-08-12
C00380,Rachel,Santos,rachel.santos380@example.com,+63 9953801568,Iloilo,CALABARZON,,2019-04-17
C00381,Mark,Taylor,mark.taylor381@example.com,,Quezon City,Central Luzon,Business,2024-09-15
C00382,Nicole,Martin,nicole.martin382@example.com,09577411727,Makati,NCR,,2023-01-05
C00383,Angela,Dela Cruz,angela.delacruz383@example.com,+63 9747820107,Pasig,NCR,,2020-08-15
C00384,Brian,Moore,brian.moore384@example.com,09553184702,Taguig,Central Luzon,VIP,2021-02-14
C00385,Alex,White,alex.white385@example.com,+63 9707841924,Iloilo, CALABARZON,Individual,2024-07-24
C00386,John,Rivera,john.rivera386@example.com,09600940025,Taguig,CALABARZON,individual,2021-04-20
C00387,John,Johnson,,, Quezon City, CALABARZON ,VIP,2020-12-14
C00388,Angela,Rivera,angela.rivera388@example.com,+63 9289061692,,Western Visayas,VIP,2021-05-11
C00389,Kevin,Johnson,kevin.johnson389@example.com,,Iloilo,WESTERN VISAYAS,Business,2024-12-21
C00390,Grace,Smith,grace.smith390@example.com,09783053289,Iloilo,Davao Region,Business,2022-09-04
C00391,Emily,Dela Cruz,emily.delacruz391@example.com,09727153504,Quezon City,Western Visayas,Business,2024-09-14
C00392,Brian,Johnson,brian.johnson392@example.com,+63 9292198192,Cebu City,Central Visayas,individual,2024-04-24
C00393,David,Taylor,david.taylor393@example.com,09322478872,Caloocan,Central Visayas,individual,2023-03-25
C00394,Grace,Lim,grace.lim394@example.com,09244236074,Pasig,CALABARZON,Individual,2024-03-20
C00395,Mark,Wilson,mark.wilson395@example.com,+63 9539109702,Caloocan,,individual,2021-08-15
C00396,James,Johnson,james.johnson396@example.com,,Antipolo,CALABARZON,Individual,2020-04-30
C00397,Maria,Moore,maria.moore397@example.com,+63 9824890971,Pasig,Western Visayas,Business,2025-10-10
C00398,Angela,Lim,,+63 9402629052,Davao City,Davao Region,Individual,2024-04-17
C00399,Michael,Brown,michael.brown399@example.com,09876675996,Caloocan,Davao Region,individual,2024-03-04
C00400,James,Smith,james.smith400@example.com,,Davao City,Central Visayas,Individual,2023-03-15
C00401,Michael,Tan,michael.tan401@example.com,,Cebu City,Central Visayas,individual,2025-01-11
C00402,Chris,Santos,chris.santos402@example.com,09134584137,Cebu City,Davao Region,BUSINESS,2023-05-21
C00403,David,Cruz,david.cruz403@example.com,09302227118,Cebu City,Central Visayas,VIP,2020-01-17
C00404,Angela,Mendoza,,+63 9747857066, Manila,CALABARZON,VIP,2024-11-17
C00405,Maria,Johnson,maria.johnson405@example.com,+63 9450868832, Davao City,Central Visayas,individual,2021-04-25
C00406,Sofia,Tan,sofia.tan406@example.com,+63 9813815668,Makati,CALABARZON,BUSINESS,2024-02-23
C00407,John,Dela Cruz,john.delacruz407@example.com,,Taguig,Davao Region,individual,2024-03-10
C00408,James,Tan,james.tan408@example.com,,Pasig,Central Luzon,Business,2023-11-05
C00409,Daniel,Taylor,daniel.taylor409@example.com,09850164093,Makati,Western Visayas,,2019-10-01
C00410,Sofia,Martin,sofia.martin410@example.com,09918041802,CEBU CITY , Central Visayas ,Individual,2019-10-27
C00411,Alex,Brown,alex.brown411@example.com,+63 9308739262,,NCR,Business,2022-09-01
C00412,Alex,Martin,alex.martin412@example.com,,Taguig,Central Visayas,Business,2019-03-15
C00413,Daniel,Tan,daniel.tan413@example.com,09896122101,Quezon City,NCR,Business,2023-12-10
C00414,Sofia,Reyes,sofia.reyes414@example.com,+63 9332107009,Manila,Davao Region,,2020-02-26
C00415,Robert,Anderson,robert.anderson415@example.com,+63 9152253317,Taguig,CALABARZON,Business,2020-01-10
C00416,John,Santos,john.santos416@example.com,,Quezon City,NCR,,2020-11-18
C00417,Maria,Wilson,maria.wilson417@example.com,+63 9451265476,Antipolo,Davao Region,BUSINESS,2023-06-07
C00418,Kevin,Torres,kevin.torres418@example.com,09447213567,Davao City,NCR,individual,2021-06-20
C00419,Emily,White,emily.white419@example.com,+63 9334677931,Pasig,Central Visayas,Individual,2025-01-05
C00420,Emily,Garcia,emily.garcia420@example.com,+63 9847662934,Makati,Western Visayas,,2022-07-26
C00421,James,Smith,,+63 9582015123,Antipolo,Central Luzon,,2019-02-24
C00422,Rachel,Garcia,rachel.garcia422@example.com,09892328358, ILOILO ,Central Visayas,Individual,2021-09-02
C00423,Alex,Smith,alex.smith423@example.com,09440954543,Antipolo,Central Visayas,VIP,2019-04-08
C00424,Mark,Smith,mark.smith424@example.com,,Taguig,Western Visayas,BUSINESS,2023-04-12
C00425,Daniel,Anderson,daniel.anderson425@example.com,09169381847,taguig ,Central Luzon,Business,2021-08-25
C00426,Nicole,Anderson,nicole.anderson426@example.com,09874891307, Davao City ,Central Visayas,Business,2022-01-18
C00427,Grace,Brown,grace.brown427@example.com,+63 9573923944,Antipolo,Central Visayas,individual,2019-03-23
C00428,James,Tan,james.tan428@example.com,,Makati,Central Visayas,VIP,2023-03-17
C00429,Jennifer,Cruz,jennifer.cruz429@example.com,09867578697,Makati,,BUSINESS,2023-03-13
C00430,Nicole,Brown,nicole.brown430@example.com,+63 9512357040,Pasig,davao region ,BUSINESS,2020-10-27
C00431,Nicole,Lim,nicole.lim431@example.com,+63 9875504976,Antipolo,Western Visayas,,2019-08-25
C00432,Nicole,Rivera,nicole.rivera432@example.com,+63 9973087834,Manila,Western Visayas,Business,2021-11-07
C00433,Chris,Mendoza,,,Davao City,Davao Region,Individual,2024-10-24
C00434,Nicole,Mendoza,nicole.mendoza434@example.com,+63 9842854111,Antipolo,Western Visayas,BUSINESS,2022-06-15
C00435,James,Garcia,james.garcia435@example.com,+63 9956345554,Makati,Central Luzon,individual,2022-06-15
C00436,Jennifer,Santos,jennifer.santos436@example.com,+63 9847664372,Antipolo,CALABARZON,Business,2020-12-23
C00437,Michael,Torres,michael.torres437@example.com,+63 9218367418,Iloilo,Central Luzon,,2021-01-18
C00438,Nicole,Anderson,nicole.anderson438@example.com,, MAKATI ,NCR,individual,2024-06-10
C00439,Anna,Santos,anna.santos439@example.com,,Iloilo, ncr,VIP,2024-06-13
C00440,Mark,White,mark.white440@example.com,+63 9832141597,Cebu City,CALABARZON,individual,2025-11-06
C00441,Mark,Garcia,,,,NCR,VIP,2021-10-15
C00442,Rachel,Martin,rachel.martin442@example.com,09808914863,,CALABARZON,,2022-08-26
C00443,Kevin,White,kevin.white443@example.com,09893714928,Cebu City,Central Visayas,,2020-02-16
C00444,Robert,White,robert.white444@example.com,, ANTIPOLO,Davao Region,individual,2020-11-19
C00445,Jennifer,Moore,jennifer.moore445@example.com,, quezon city,CALABARZON,VIP,2021-06-21
C00446,Jennifer,Garcia,jennifer.garcia446@example.com,,caloocan,DAVAO REGION,,2023-04-13
C00447,Angela,Wilson,angela.wilson447@example.com,09340035882,PASIG,Western Visayas,BUSINESS,2023-02-15
C00448,Mark,Brown,mark.brown448@example.com,09101802268,Iloilo,Central Visayas,VIP,2023-02-04
C00449,Michael,Thomas,michael.thomas449@example.com,09734340885,,Central Visayas,VIP,2021-06-15
C00450,Alex,Dela Cruz,alex.delacruz450@example.com,,Manila,CALABARZON,,2020-05-20
C00451,Chris,Martin,chris.martin451@example.com,+63 9631529611, davao city,Western Visayas,Business,2019-08-04
C00452,Jennifer,Brown,jennifer.brown452@example.com,09975112646,Manila,CALABARZON,individual,2022-11-27
C00453,James,Thomas,james.thomas453@example.com,09403186123,Antipolo,Central Luzon,BUSINESS,2019-08-10
C00454,Alex,Mendoza,alex.mendoza454@example.com,+63 9847276554,Pasig,Central Luzon,,2021-03-12
C00455,John,Johnson,john.johnson455@example.com,,Makati,Central Visayas,Business,2019-08-19
C00456,Jennifer,Mendoza,jennifer.mendoza456@example.com,,Cebu City,Central Luzon,individual,2021-09-30
C00457,Kevin,Brown,kevin.brown457@example.com,09838717308,Davao City,Western Visayas,individual,2023-04-15
C00458,Alex,Johnson,,09225227973,Caloocan,Davao Region,BUSINESS,2025-06-04
C00459,Emily,Garcia,emily.garcia459@example.com,+63 9512273781,Davao City,CENTRAL LUZON,Business,2023-07-19
C00460,David,Moore,david.moore460@example.com,,caloocan,Western Visayas,Individual,2021-01-10
C00461,Daniel,Santos,daniel.santos461@example.com,09959544263, Manila ,Davao Region,Individual,2019-12-13
C00462,Robert,Johnson,robert.johnson462@example.com,,Manila,NCR,BUSINESS,2022-04-16
C00463,Alex,Dela Cruz,alex.delacruz463@example.com,,Cebu City,Davao Region,Individual,2019-07-03
C00464,Sofia,Dela Cruz,sofia.delacruz464@example.com,09994027302,Iloilo,Davao Region,Business,2023-09-25
C00465,Emily,Lim,emily.lim465@example.com,+63 9529560480,Quezon City,Western Visayas,,2020-08-09
C00466,James,Lim,james.lim466@example.com,09848186455,Cebu City,Western Visayas,BUSINESS,2020-11-02
C00467,Michael,Smith,michael.smith467@example.com,09565603585,Iloilo, CALABARZON,Individual,2022-09-11
C00468,Grace,Smith,grace.smith468@example.com,09257120244,,Central Visayas,Business,2023-03-31
C00469,Anna,Mendoza,anna.mendoza469@example.com,+63 9732248231,Quezon City,Western Visayas,VIP,2025-03-09
C00470,Anna,Reyes,anna.reyes470@example.com,09907317394,Cebu City,Western Visayas,BUSINESS,2025-03-09
C00471,David,Martin,david.martin471@example.com,,Antipolo, Western Visayas,Individual,2023-02-25
C00472,Kevin,White,kevin.white472@example.com,+63 9296606987,Cebu City,Davao Region,individual,2024-11-02
C00473,Kevin,Tan,kevin.tan473@example.com,+63 9428201538,Cebu City,western visayas ,Individual,2019-12-13
C00474,Angela,Martin,angela.martin474@example.com,,Antipolo,Central Luzon,BUSINESS,2024-12-20
C00475,David,Santos,david.santos475@example.com,09992706183,Davao City,Western Visayas,,2024-12-03
C00476,Maria,White,maria.white476@example.com,, Taguig ,CALABARZON,individual,2024-07-22
C00477,Grace,Garcia,grace.garcia477@example.com,,Quezon City,Central Visayas,Business,2019-01-10
C00478,Chris,Brown,chris.brown478@example.com,,Manila,Davao Region,Individual,2022-12-28
C00479,Alex,Smith,alex.smith479@example.com,+63 9105534508,Makati, NCR,Business,2023-08-10
C00480,Jennifer,Santos,jennifer.santos480@example.com,09805054799,Caloocan,CALABARZON,Business,2025-01-06
C00481,Alex,Anderson,alex.anderson481@example.com,+63 9902182950,Manila,Western Visayas,Business,2022-03-12
C00482,David,Wilson,david.wilson482@example.com,,Taguig,Western Visayas,Individual,2023-09-21
C00483,Jennifer,Dela Cruz,jennifer.delacruz483@example.com,+63 9937881000,Antipolo,Western Visayas,individual,2020-06-22
C00484,John,Dela Cruz,john.delacruz484@example.com,, taguig,NCR,VIP,2022-03-01
C00485,Nicole,Rivera,nicole.rivera485@example.com,09883024695,Taguig,NCR,,2021-10-10
C00486,Nicole,Torres,nicole.torres486@example.com,09940435889,Antipolo,Central Luzon,BUSINESS,2020-09-01
C00487,Michael,Brown,,+63 9256990862,Manila,NCR,individual,2023-07-27
C00488,Kevin,Rivera,kevin.rivera488@example.com,,Davao City, CALABARZON,,2023-09-09
C00489,Maria,Mendoza,maria.mendoza489@example.com,,Cebu City,Central Visayas,BUSINESS,2020-02-17
C00490,Emily,Martin,emily.martin490@example.com,09426800512,Manila,Central Luzon,,2023-01-20
C00491,Chris,Thomas,chris.thomas491@example.com,+63 9798198840,Taguig,NCR,Business,2025-10-01
C00492,Chris,Torres,chris.torres492@example.com,09578641679,Antipolo,CALABARZON,Business,2024-12-25
C00493,Maria,Dela Cruz,maria.delacruz493@example.com,+63 9864078040,Antipolo,CALABARZON,,2020-04-25
C00494,Jennifer,Wilson,jennifer.wilson494@example.com,09641025679,Makati,Western Visayas,VIP,2019-07-06
C00495,Sofia,Brown,sofia.brown495@example.com,09671735145,Makati,Davao Region,individual,2023-06-30
C00496,Sofia,Mendoza,,,Manila,Davao Region,,2024-11-20
C00497,Kevin,Tan,kevin.tan497@example.com,09692867539, TAGUIG ,CALABARZON,VIP,2019-07-31
C00498,Sofia,Moore,sofia.moore498@example.com,,Iloilo,calabarzon,individual,2025-11-09
C00499,Maria,Santos,maria.santos499@example.com,+63 9884343358,Makati,NCR,BUSINESS,2020-03-11
C00500,David,Lim,david.lim500@example.com,,Taguig,Central Luzon,Business,2025-07-10
C00501,David,Dela Cruz,david.delacruz501@example.com,+63 9879843791, Cebu City ,Central Visayas ,individual,2021-01-08
C00502,John,Tan,john.tan502@example.com,+63 9977783087, Iloilo ,Central Visayas,individual,2020-02-15
C00503,Michael,Santos,michael.santos503@example.com,09505740335,Quezon City,Western Visayas,Business,2021-10-14
C00504,Michael,White,,09110089056,Antipolo,CALABARZON,Individual,2021-04-08
C00505,Chris,Anderson,chris.anderson505@example.com,+63 9456220636,Makati,Davao Region,,2025-02-04
C00506,Maria,Garcia,maria.garcia506@example.com,+63 9649264485,,,individual,2023-04-28
C00507,Robert,Rivera,robert.rivera507@example.com,,Quezon City,NCR,VIP,2023-01-03
C00508,Mark,Garcia,mark.garcia508@example.com,,Makati,Western Visayas,,2022-05-20
C00509,Robert,Johnson,robert.johnson509@example.com,,Cebu City,Western Visayas,Individual,2020-08-31
C00510,Mark,Dela Cruz,mark.delacruz510@example.com,+63 9955611964, Quezon City, central luzon ,VIP,2024-07-17
C00511,Nicole,White,nicole.white511@example.com,,Taguig,Davao Region,BUSINESS,2024-07-10
C00512,Kevin,Brown,kevin.brown512@example.com,,Iloilo,Western Visayas,Individual,2021-08-21
C00513,Sofia,Santos,sofia.santos513@example.com,09608874541,Manila,CALABARZON,Business,2022-04-22
C00514,Angela,Wilson,angela.wilson514@example.com,09988866898,Makati ,,individual,2023-03-03
C00515,Anna,Taylor,anna.taylor515@example.com,09999191343, Manila ,NCR,individual,2020-09-05
C00516,Michael,Thomas,michael.thomas516@example.com,+63 9604856763,Cebu City,Western Visayas,VIP,2020-03-31
C00517,Maria,White,maria.white517@example.com,09640409345,Davao City,Western Visayas,individual,2025-03-19
C00518,Emily,Taylor,emily.taylor518@example.com,+63 9344077465,Makati,NCR,Business,2021-05-17
C00519,Maria,Rivera,maria.rivera519@example.com,,Iloilo,Western Visayas,VIP,2023-07-18
C00520,Maria,Johnson,maria.johnson520@example.com,09309090380,quezon city , CALABARZON ,Individual,2022-06-20
C00521,Sofia,Reyes,sofia.reyes521@example.com,,Manila,CENTRAL VISAYAS ,VIP,2022-03-02
C00522,Sofia,Smith,sofia.smith522@example.com,09879201690,Quezon City,Western Visayas,BUSINESS,2020-09-07
C00523,David,Martin,david.martin523@example.com,09140166847,Makati,NCR,Individual,2021-08-06
C00524,Michael,Mendoza,michael.mendoza524@example.com,,Iloilo,CALABARZON,Business,2022-10-20
C00525,Rachel,Wilson,rachel.wilson525@example.com,,Davao City,Davao Region,Business,2025-05-11
C00526,Anna,Santos,anna.santos526@example.com,09432368523,CALOOCAN ,CALABARZON,VIP,2020-01-01
C00527,Alex,Lim,alex.lim527@example.com,+63 9919422169,Makati,Davao Region,VIP,2022-03-20
C00528,Rachel,Dela Cruz,rachel.delacruz528@example.com,+63 9770693402, CEBU CITY, western visayas,,2025-04-16
C00529,Anna,Tan,anna.tan529@example.com,09712176430,Taguig,Central Visayas,VIP,2024-03-23
C00530,Angela,Anderson,angela.anderson530@example.com,09293567046,Davao City,Central Luzon,Individual,2022-07-23
C00531,Jennifer,Torres,jennifer.torres531@example.com,+63 9222757072, CALOOCAN,CALABARZON,BUSINESS,2023-04-07
C00532,Grace,Wilson,grace.wilson532@example.com,09329158874,Manila,Western Visayas,VIP,2020-12-22
C00533,James,Lim,james.lim533@example.com,+63 9864726126,Davao City,Western Visayas,Business,2019-08-09
C00534,Nicole,Smith,nicole.smith534@example.com,09418799296,Cebu City,Central Visayas,,2020-10-20
C00535,Grace,Taylor,grace.taylor535@example.com,,taguig ,Western Visayas,,2022-07-20
C00536,Alex,Dela Cruz,alex.delacruz536@example.com,,Davao City,,individual,2020-05-29
C00537,Chris,Garcia,,+63 9301495110,Antipolo,Davao Region,VIP,2021-05-09
C00538,Chris,Santos,chris.santos538@example.com,+63 9117385244,Pasig,NCR,,2024-02-11
C00539,Grace,Johnson,grace.johnson539@example.com,+63 9661749319,Quezon City,Central Visayas,Business,2025-03-14
C00540,Angela,Wilson,angela.wilson540@example.com,,Davao City,Western Visayas,Individual,2019-12-25
C00541,John,White,john.white541@example.com,,Iloilo,NCR,BUSINESS,2025-07-08
C00542,Robert,Wilson,robert.wilson542@example.com,,Davao City,CALABARZON,individual,2023-08-19
C00543,David,Santos,david.santos543@example.com,,Pasig,Western Visayas,individual,2021-09-16
C00544,Nicole,Reyes,,+63 9948803790,Antipolo,Davao Region,Business,2025-06-01
C00545,Angela,Brown,angela.brown545@example.com,09791956127,Iloilo,Western Visayas,,2020-12-12
C00546,Mark,Thomas,mark.thomas546@example.com,,Makati,Western Visayas,individual,2021-12-01
C00547,Mark,Torres,mark.torres547@example.com,09127530985,Iloilo,NCR,Individual,2020-06-18
C00548,Grace,Mendoza,grace.mendoza548@example.com,09338107857,Antipolo,Western Visayas,individual,2021-12-02
C00549,Emily,Cruz,emily.cruz549@example.com,,Iloilo,NCR,BUSINESS,2020-05-17
C00550,Robert,Lim,robert.lim550@example.com,+63 9183087679,Cebu City,Central Luzon,individual,2019-03-31
C00551,Jennifer,Cruz,jennifer.cruz551@example.com,+63 9502926308,Caloocan,Central Luzon,Business,2025-05-12
C00552,Maria,Garcia,maria.garcia552@example.com,,Iloilo,Central Luzon,VIP,2020-05-13
C00553,John,Moore,,09649481705,Taguig,NCR,Individual,2022-09-03
C00554,James,Dela Cruz,james.delacruz554@example.com,09617087085,Cebu City,Western Visayas,,2024-07-23
C00555,David,Torres,david.torres555@example.com,,Pasig,NCR,BUSINESS,2022-06-30
C00556,Sofia,Martin,sofia.martin556@example.com,,Pasig, DAVAO REGION ,,2019-09-21
C00557,Maria,Thomas,maria.thomas557@example.com,,Antipolo,NCR ,Business,2023-01-05
C00558,Sofia,Johnson,sofia.johnson558@example.com,09936997381,Manila,NCR,Business,2024-03-21
C00559,Mark,Rivera,mark.rivera559@example.com,,Taguig,NCR,,2025-10-25
C00560,Chris,Wilson,chris.wilson560@example.com,+63 9441217210,Taguig,Central Visayas,VIP,2023-09-22
C00561,Alex,Mendoza,alex.mendoza561@example.com,09734765132,,NCR,BUSINESS,2019-01-20
C00562,Michael,Brown,,09672805833,Cebu City,NCR,individual,2022-05-17
C00563,Grace,Brown,grace.brown563@example.com,+63 9436268732,ILOILO ,Western Visayas,Individual,2023-03-12
C00564,John,Rivera,john.rivera564@example.com,09111162649,Cebu City,Western Visayas,Business,2019-12-27
C00565,Grace,Moore,grace.moore565@example.com,+63 9156361762,Manila ,CALABARZON,individual,2022-01-10
C00566,Michael,Taylor,michael.taylor566@example.com,09235601470,Iloilo,Central Visayas,,2020-05-16
C00567,Kevin,Taylor,kevin.taylor567@example.com,+63 9401229255,Caloocan,CALABARZON,,2019-12-06
C00568,Kevin,Torres,kevin.torres568@example.com,09180685683,,Central Luzon,individual,2021-02-08
C00569,Mark,Torres,mark.torres569@example.com,,Cebu City,CALABARZON,,2020-09-22
C00570,Michael,Rivera,michael.rivera570@example.com,,Antipolo, Central Visayas ,VIP,2025-06-22
C00571,Michael,Anderson,michael.anderson571@example.com,09899965574,Manila,Central Luzon,individual,2024-12-14
C00572,Emily,Garcia,emily.garcia572@example.com,+63 9480562915,Taguig,NCR,VIP,2020-02-05
C00573,David,Wilson,david.wilson573@example.com,09303419997,Iloilo,Davao Region,individual,2020-03-23
C00574,Kevin,Garcia,kevin.garcia574@example.com,,Pasig,DAVAO REGION,individual,2023-05-29
C00575,Emily,Martin,emily.martin575@example.com,+63 9318587507,Pasig,CALABARZON,Individual,2021-01-28
C00576,Rachel,Martin,rachel.martin576@example.com,09838665572,Cebu City,Central Luzon ,Individual,2024-04-27
C00577,John,Mendoza,john.mendoza577@example.com,,Manila,Central Visayas,individual,2021-10-10
C00578,Maria,Santos,maria.santos578@example.com,09412092259,Antipolo,Central Luzon,Individual,2022-06-01
C00579,Alex,Martin,alex.martin579@example.com,,Caloocan,,VIP,2022-05-18
C00580,Brian,White,brian.white580@example.com,, Manila ,Central Luzon,Individual,2021-09-27
C00581,Nicole,Johnson,nicole.johnson581@example.com,+63 9308136381,Quezon City,Western Visayas,individual,2024-11-28
C00582,Grace,Smith,grace.smith582@example.com,+63 9396618097, taguig,Central Visayas,BUSINESS,2022-11-22
C00583,John,Martin,john.martin583@example.com,,Makati,CALABARZON,,2020-10-28
C00584,Robert,Cruz,robert.cruz584@example.com,09116742210,Taguig, Davao Region ,VIP,2019-01-03
C00585,Michael,Johnson,michael.johnson585@example.com,, Antipolo ,Western Visayas,BUSINESS,2019-11-27
C00586,Maria,Martin,maria.martin586@example.com,,Davao City,NCR,VIP,2025-09-11
C00587,Chris,Wilson,chris.wilson587@example.com,,Makati,Central Luzon,individual,2025-03-20
C00588,Robert,Cruz,robert.cruz588@example.com,,Makati,central visayas,,2023-01-04
C00589,Nicole,Anderson,nicole.anderson589@example.com,09540511842,,CENTRAL VISAYAS,BUSINESS,2024-09-28
C00590,Rachel,Moore,rachel.moore590@example.com,+63 9157483870,Makati,NCR,BUSINESS,2024-02-29
C00591,Maria,Lim,maria.lim591@example.com,+63 9214942896, ILOILO ,NCR,,2019-08-06
C00592,Brian,Dela Cruz,brian.delacruz592@example.com,09631829323,Makati,CALABARZON,Individual,2024-06-09
C00593,Sofia,Garcia,sofia.garcia593@example.com,09264306208, ANTIPOLO,Central Visayas,Individual,2022-05-13
C00594,Daniel,Rivera,daniel.rivera594@example.com,,Caloocan, Davao Region ,Business,2021-09-12
C00595,Angela,Torres,angela.torres595@example.com,,Quezon City,Central Visayas,VIP,2023-05-22
C00596,Anna,Anderson,anna.anderson596@example.com,09556160915,Pasig,Davao Region,BUSINESS,2022-05-25
C00597,Rachel,Anderson,rachel.anderson597@example.com,+63 9249576019,Caloocan,Central Luzon,BUSINESS,2021-05-13
C00598,Brian,Brown,brian.brown598@example.com,09287364597,Cebu City,Davao Region,,2020-07-27
C00599,Robert,Brown,robert.brown599@example.com,+63 9619416877,Caloocan,Central Luzon,BUSINESS,2024-11-22
C00600,Mark,Taylor,mark.taylor600@example.com,,DAVAO CITY , western visayas,,2021-08-27
C00601,Daniel,Brown,daniel.brown601@example.com,09551031860,Iloilo,NCR,Individual,2023-12-14
C00602,John,Mendoza,john.mendoza602@example.com,+63 9582657294,Makati,Davao Region,Business,2021-10-31
C00603,Robert,Rivera,robert.rivera603@example.com,,TAGUIG ,NCR,Individual,2023-01-12
C00604,Angela,Cruz,angela.cruz604@example.com,,Antipolo,Central Luzon,individual,2024-08-13
C00605,Rachel,Moore,rachel.moore605@example.com,+63 9172106786,Davao City,NCR,Business,2024-10-19
C00606,Anna,Martin,anna.martin606@example.com,+63 9680398284,Manila,CALABARZON,VIP,2023-05-19
C00607,James,Mendoza,james.mendoza607@example.com,,Taguig,Davao Region,individual,2019-08-21
C00608,Anna,Taylor,anna.taylor608@example.com,09382451081,Manila,CALABARZON,Individual,2020-07-24
C00609,Mark,Reyes,mark.reyes609@example.com,,Iloilo,NCR,Individual,2023-09-01
C00610,Rachel,Cruz,rachel.cruz610@example.com,+63 9239011533, MANILA ,Central Visayas,Business,2019-03-29
C00611,Sofia,Moore,sofia.moore611@example.com,,Manila,NCR,individual,2020-05-27
C00612,Nicole,Moore,nicole.moore612@example.com,,Cebu City,CALABARZON,Individual,2021-09-02
C00613,Chris,Santos,chris.santos613@example.com,,iloilo , NCR ,VIP,2025-10-03
C00614,Kevin,Tan,kevin.tan614@example.com,,Quezon City,NCR,BUSINESS,2021-04-23
C00615,Grace,Rivera,grace.rivera615@example.com,,Pasig,Central Luzon,VIP,2022-07-30
C00616,Brian,Garcia,brian.garcia616@example.com,,Caloocan,Central Luzon,BUSINESS,2021-08-02
C00617,Angela,Torres,angela.torres617@example.com,09878366992,Manila,Western Visayas,individual,2020-04-12
C00618,Maria,Lim,maria.lim618@example.com,09512506547,Manila,Davao Region,Individual,2023-04-17
C00619,Maria,Rivera,maria.rivera619@example.com,+63 9808589816,ANTIPOLO ,NCR,VIP,2021-12-11
C00620,John,Smith,john.smith620@example.com,+63 9566085564,Manila,Davao Region,,2022-03-23
C00621,Nicole,Taylor,nicole.taylor621@example.com,+63 9657178442,Makati,Central Visayas,Business,2020-06-24
C00622,Emily,Cruz,emily.cruz622@example.com,+63 9682831952,Cebu City,NCR,VIP,2022-01-05
C00623,Rachel,Santos,rachel.santos623@example.com,+63 9809503340,Pasig,Central Visayas,individual,2019-02-06
C00624,Grace,Martin,grace.martin624@example.com,+63 9333906600,Manila,NCR,BUSINESS,2025-03-08
C00625,Alex,Mendoza,alex.mendoza625@example.com,+63 9396507730,Caloocan ,Davao Region,Business,2020-04-13
C00626,Daniel,Thomas,daniel.thomas626@example.com,09722652915,Antipolo,NCR,VIP,2021-11-20
C00627,Grace,Moore,grace.moore627@example.com,+63 9352003839,QUEZON CITY ,CALABARZON,,2023-08-31
C00628,Nicole,Tan,nicole.tan628@example.com,+63 9751725570,Cebu City,Western Visayas,VIP,2019-05-08
C00629,Maria,Tan,maria.tan629@example.com,09734825626,Iloilo,CALABARZON,,2024-09-12
C00630,Grace,Torres,grace.torres630@example.com,,Makati,WESTERN VISAYAS ,BUSINESS,2025-06-10
C00631,Nicole,Moore,nicole.moore631@example.com,09666674119,Iloilo,Davao Region,VIP,2022-01-07
C00632,Chris,Tan,chris.tan632@example.com,+63 9360998015,Taguig,Western Visayas,,2021-09-14
C00633,Nicole,Johnson,nicole.johnson633@example.com,09701786256,Cebu City,Davao Region,individual,2021-07-30
C00634,Michael,Moore,michael.moore634@example.com,,Makati,CALABARZON,Individual,2019-11-30
C00635,Brian,Dela Cruz,brian.delacruz635@example.com,09779281033,Makati, NCR,,2024-04-08
C00636,Michael,Reyes,michael.reyes636@example.com,09125696210,Quezon City,Central Visayas,individual,2025-03-31
C00637,Robert,Garcia,robert.garcia637@example.com,,Iloilo, western visayas ,individual,2024-01-17
C00638,Nicole,Tan,nicole.tan638@example.com,,Makati,Davao Region,BUSINESS,2019-12-10
C00639,John,Taylor,john.taylor639@example.com,+63 9797293050,Davao City,Central Luzon,BUSINESS,2022-02-18
C00640,Robert,Martin,robert.martin640@example.com,,Iloilo,Central Visayas,individual,2022-07-28
C00641,Maria,Torres,maria.torres641@example.com,, CEBU CITY ,Central Visayas,Business,2022-03-27
C00642,Anna,Rivera,anna.rivera642@example.com,09251400959,Antipolo,,Individual,2025-01-20
C00643,Sofia,Santos,sofia.santos643@example.com,+63 9127678171,Taguig,Davao Region,individual,2024-11-03
C00644,Alex,Tan,alex.tan644@example.com,09869068553,Caloocan,Central Visayas,Business,2022-02-14
C00645,Anna,Johnson,anna.johnson645@example.com,09899161913,Quezon City,Davao Region,individual,2024-10-01
C00646,James,Smith,james.smith646@example.com,09141185351,Antipolo,Davao Region,,2019-05-26
C00647,John,Rivera,john.rivera647@example.com,,Taguig,Central Luzon,Business,2024-07-27
C00648,Sofia,Cruz,sofia.cruz648@example.com,09876619853,Manila,Central Visayas,Business,2020-12-30
C00649,Emily,White,emily.white649@example.com,,Cebu City,Western Visayas,VIP,2021-08-07
C00650,Jennifer,Martin,jennifer.martin650@example.com,+63 9741928074,Antipolo,NCR,VIP,2023-09-15
C00651,Kevin,Wilson,kevin.wilson651@example.com,,Quezon City,Central Visayas,individual,2024-06-26
C00652,Kevin,Santos,kevin.santos652@example.com,+63 9330968493,Manila,CALABARZON,VIP,2023-08-12
C00653,Alex,Wilson,alex.wilson653@example.com,+63 9388103439,Taguig,NCR,individual,2021-06-25
C00654,Daniel,Moore,daniel.moore654@example.com,,Iloilo,Davao Region,,2019-03-28
C00655,Mark,Johnson,mark.johnson655@example.com,,Manila,CALABARZON,Business,2025-01-03
C00656,Kevin,Tan,kevin.tan656@example.com,+63 9455947683,Taguig,Central Luzon,Individual,2019-03-24
C00657,Brian,Brown,brian.brown657@example.com,+63 9268518952,,Western Visayas,Business,2019-05-19
C00658,Anna,Brown,anna.brown658@example.com,,Pasig,ncr ,Individual,2025-01-27
C00659,Michael,Garcia,michael.garcia659@example.com,09951069250,Iloilo,CALABARZON,,2019-04-06
C00660,Alex,Torres,alex.torres660@example.com,+63 9718691308,Davao City,NCR,individual,2025-04-16
C00661,Robert,Moore,robert.moore661@example.com,+63 9118481810,Davao City,Davao Region,individual,2021-07-06
C00662,David,Rivera,david.rivera662@example.com,09611966881,Pasig,Western Visayas,Individual,2025-04-16
C00663,Jennifer,Taylor,jennifer.taylor663@example.com,,Caloocan,Davao Region,Individual,2024-07-14
C00664,Robert,Smith,robert.smith664@example.com,,Iloilo,NCR,Business,2025-04-22
C00665,Jennifer,Smith,jennifer.smith665@example.com,+63 9445570872,Caloocan,Western Visayas,Individual,2020-03-06
C00666,James,Brown,james.brown666@example.com,, Quezon City,NCR,individual,2020-11-30
C00667,Brian,Martin,brian.martin667@example.com,+63 9548982293,Manila,Central Visayas,,2022-01-15
C00668,Rachel,Johnson,rachel.johnson668@example.com,+63 9251953364,Antipolo,Davao Region,VIP,2024-10-28
C00669,Jennifer,Anderson,jennifer.anderson669@example.com,,Makati ,CALABARZON,Business,2024-04-11
C00670,Robert,Torres,robert.torres670@example.com,+63 9677384799,cebu city ,Western Visayas,Business,2022-11-13
C00671,Sofia,Lim,sofia.lim671@example.com,,Pasig,Central Visayas,BUSINESS,2025-01-25
C00672,Sofia,Cruz,sofia.cruz672@example.com,09210569940,Pasig ,Davao Region,individual,2022-09-14
C00673,Chris,White,chris.white673@example.com,,Caloocan,NCR,Business,2020-01-10
C00674,Michael,Mendoza,michael.mendoza674@example.com,09100265072,Manila ,Central Visayas,BUSINESS,2020-04-25
C00675,David,Brown,david.brown675@example.com,+63 9609466879,Pasig,CALABARZON,BUSINESS,2021-05-26
C00676,Emily,Dela Cruz,emily.delacruz676@example.com,+63 9574214661,Pasig,Davao Region,,2022-11-27
C00677,Grace,Anderson,grace.anderson677@example.com,+63 9882211796,Taguig,Central Luzon,Business,2019-02-13
C00678,Grace,Thomas,grace.thomas678@example.com,+63 9433279476,Quezon City,CALABARZON,Individual,2025-10-21
C00679,Emily,Martin,emily.martin679@example.com,+63 9856198237,Pasig,Davao Region,,2024-04-12
C00680,Alex,Martin,alex.martin680@example.com,,QUEZON CITY ,Western Visayas ,Individual,2019-08-18
C00681,Maria,Smith,maria.smith681@example.com,09684205193,Iloilo,CALABARZON,VIP,2020-11-24
C00682,Grace,Thomas,,+63 9532903803,manila, NCR,,2024-09-01
C00683,John,Tan,john.tan683@example.com,+63 9226395063,Caloocan, western visayas,Business,2019-12-20
C00684,Chris,Santos,chris.santos684@example.com,09946899566,Cebu City,Western Visayas,VIP,2021-02-21
C00685,Michael,Tan,michael.tan685@example.com,09857969344, Pasig ,Central Luzon,Business,2020-12-26
C00686,Alex,Lim,alex.lim686@example.com,+63 9721370276,Cebu City,Davao Region,,2020-11-29
C00687,Chris,Brown,chris.brown687@example.com,,Davao City,Western Visayas,Business,2022-11-02
C00688,Angela,Lim,angela.lim688@example.com,+63 9326261010,Taguig,NCR,BUSINESS,2021-02-02
C00689,Alex,Taylor,alex.taylor689@example.com,,Iloilo,CALABARZON,,2023-01-09
C00690,Nicole,Martin,nicole.martin690@example.com,09795657256,Cebu City,Central Visayas,Individual,2023-12-04
C00691,Chris,Taylor,chris.taylor691@example.com,+63 9528781058,Taguig,CALABARZON,individual,2023-07-02
C00692,Kevin,Thomas,kevin.thomas692@example.com,+63 9931153961,Iloilo, NCR ,BUSINESS,2024-11-16
C00693,Michael,Dela Cruz,michael.delacruz693@example.com,09946719967,Pasig,Central Luzon,individual,2023-06-10
C00694,John,Dela Cruz,john.delacruz694@example.com,+63 9423499443,Quezon City ,Western Visayas,,2025-03-24
C00695,Jennifer,Mendoza,jennifer.mendoza695@example.com,,Davao City,Central Visayas,individual,2021-09-21
C00696,Michael,Smith,michael.smith696@example.com,+63 9529371703,Pasig,Western Visayas,BUSINESS,2023-06-02
C00697,Grace,Martin,grace.martin697@example.com,09729673300, Iloilo ,Davao Region,BUSINESS,2025-09-20
C00698,James,Rivera,james.rivera698@example.com,09301831842,Pasig,CALABARZON,Business,2023-10-10
C00699,Robert,Brown,robert.brown699@example.com,+63 9137394844, Davao City,NCR,Individual,2022-11-19
C00700,Anna,Brown,anna.brown700@example.com,+63 9272747645,Makati,Central Visayas,Individual,2024-06-14
C00701,David,Wilson,david.wilson701@example.com,+63 9556320088,Quezon City,Central Visayas,individual,2022-10-04
C00702,Anna,Mendoza,anna.mendoza702@example.com,+63 9915625869, Quezon City,Davao Region,BUSINESS,2025-11-22
C00703,Alex,Wilson,alex.wilson703@example.com,09402488060,Caloocan,NCR,,2023-02-21
C00704,Mark,Tan,mark.tan704@example.com,+63 9682771762,Makati,,VIP,2022-05-04
C00705,Rachel,Garcia,rachel.garcia705@example.com,,Davao City,NCR,Business,2020-08-15
C00706,Nicole,Lim,nicole.lim706@example.com,,Taguig,Western Visayas,BUSINESS,2024-02-21
C00707,Mark,Johnson,,,Quezon City,western visayas ,Individual,2021-01-23
C00708,James,Wilson,james.wilson708@example.com,,Pasig,Davao Region,Business,2019-07-20
C00709,Jennifer,Torres,jennifer.torres709@example.com,,Makati, WESTERN VISAYAS ,Individual,2023-07-26
C00710,Nicole,Dela Cruz,nicole.delacruz710@example.com,,CEBU CITY ,Davao Region,,2025-10-31
C00711,Nicole,White,nicole.white711@example.com,,Manila,CALABARZON,individual,2020-09-13
C00712,Jennifer,Torres,jennifer.torres712@example.com,+63 9822613163,Pasig,Western Visayas,Individual,2024-06-15
C00713,James,Torres,james.torres713@example.com,+63 9496416310,Pasig,Central Visayas,Individual,2020-09-30
C00714,Daniel,White,daniel.white714@example.com,09563352662,Pasig,Central Visayas,individual,2025-01-10
C00715,Rachel,Garcia,rachel.garcia715@example.com,09334403617,Iloilo,Central Luzon,,2023-07-01
C00716,Grace,Torres,grace.torres716@example.com,+63 9399444821,Cebu City,Western Visayas,,2022-07-25
C00717,Angela,Brown,angela.brown717@example.com,+63 9631323119,Pasig,Central Visayas ,Individual,2024-12-21
C00718,Alex,Mendoza,alex.mendoza718@example.com,,Davao City, Central Visayas ,BUSINESS,2024-08-23
C00719,Chris,Wilson,chris.wilson719@example.com,09448987901,Makati,Central Visayas,VIP,2019-04-04
C00720,David,Moore,david.moore720@example.com,+63 9273279673,Cebu City,Central Luzon,VIP,2020-06-27
C00721,John,Torres,john.torres721@example.com,,Iloilo,Central Luzon,individual,2024-08-10
C00722,Rachel,Smith,rachel.smith722@example.com,+63 9362920130,,NCR,individual,2024-10-29
C00723,David,Cruz,david.cruz723@example.com,,Quezon City,Davao Region,BUSINESS,2019-04-08
C00724,Maria,Tan,maria.tan724@example.com,,Manila,Western Visayas,,2023-12-08
C00725,Anna,Garcia,anna.garcia725@example.com,,Quezon City,CALABARZON,VIP,2020-08-04
C00726,Jennifer,Torres,jennifer.torres726@example.com,,Quezon City,Western Visayas,Business,2021-11-30
C00727,Alex,Smith,alex.smith727@example.com,,Pasig, Central Luzon ,VIP,2025-04-27
C00728,Robert,Tan,robert.tan728@example.com,,Pasig,Central Visayas,Business,2020-06-10
C00729,Robert,Brown,robert.brown729@example.com,09344725121,Iloilo,,VIP,2024-09-14
C00730,Brian,Brown,brian.brown730@example.com,,Makati,Davao Region,VIP,2023-03-29
C00731,Daniel,Thomas,daniel.thomas731@example.com,09619689345,Quezon City,CALABARZON,Business,2022-02-13
C00732,Anna,Torres,anna.torres732@example.com,,Manila,Davao Region,,2021-04-09
C00733,Maria,Brown,maria.brown733@example.com,09453814126,Pasig,Davao Region,BUSINESS,2019-11-22
C00734,Chris,Thomas,chris.thomas734@example.com,,Makati,Western Visayas,Business,2024-02-12
C00735,Rachel,Lim,rachel.lim735@example.com,09198096189,Quezon City,Central Luzon,Individual,2021-04-30
C00736,Chris,Taylor,chris.taylor736@example.com,09205516863,Cebu City,NCR,Individual,2023-12-16
C00737,Sofia,Garcia,sofia.garcia737@example.com,+63 9742413041,Pasig,Davao Region,Individual,2023-12-19
C00738,Chris,White,chris.white738@example.com,+63 9370312117,Iloilo,Western Visayas,,2022-05-12
C00739,Angela,Rivera,angela.rivera739@example.com,,Pasig,NCR,Business,2024-06-20
C00740,Brian,Martin,brian.martin740@example.com,+63 9170393950, pasig,Central Luzon,Individual,2021-08-07
C00741,Brian,Tan,brian.tan741@example.com,09669512145,Pasig,Central Luzon,Business,2022-08-19
C00742,David,Mendoza,david.mendoza742@example.com,09755114828,Cebu City,Central Visayas,individual,2022-01-08
C00743,Emily,Martin,emily.martin743@example.com,+63 9426007474,Makati,Western Visayas,,2022-07-15
C00744,Nicole,Taylor,nicole.taylor744@example.com,+63 9106090827,Manila,CALABARZON,Business,2024-02-15
C00745,Sofia,Torres,sofia.torres745@example.com,+63 9416535751,Manila,Central Visayas,BUSINESS,2021-03-27
C00746,Brian,Anderson,brian.anderson746@example.com,09214712756,Makati,Central Visayas,BUSINESS,2024-04-08
C00747,David,Martin,david.martin747@example.com,+63 9729335505, manila , CALABARZON,VIP,2023-08-22
C00748,Michael,Taylor,michael.taylor748@example.com,09314742250,Caloocan,Davao Region,,2021-12-03
C00749,Robert,Santos,robert.santos749@example.com,,Cebu City,CALABARZON,individual,2021-05-29
C00750,Alex,Rivera,alex.rivera750@example.com,,Pasig,Western Visayas,Business,2020-05-03
C00751,Nicole,Brown,nicole.brown751@example.com,,Manila,Davao Region,BUSINESS,2023-11-26
C00752,Mark,Moore,mark.moore752@example.com,,Quezon City, davao region ,BUSINESS,2019-12-26
C00753,Alex,White,alex.white753@example.com,09304963844,Davao City,Central Visayas,,2020-09-15
C00754,James,Mendoza,james.mendoza754@example.com,,Davao City,Central Visayas,Individual,2023-05-17
C00755,Kevin,Smith,kevin.smith755@example.com,,Cebu City,Western Visayas,BUSINESS,2022-12-23
C00756,Chris,Dela Cruz,chris.delacruz756@example.com,+63 9321345622,makati ,Central Luzon,Individual,2022-09-03
C00757,Kevin,Torres,kevin.torres757@example.com,+63 9555571081,Taguig,Central Luzon,Individual,2020-07-16
C00758,David,Santos,david.santos758@example.com,09898802042, DAVAO CITY,Davao Region,Individual,2020-12-18
C00759,Chris,Thomas,chris.thomas759@example.com,09912399890,Caloocan,CALABARZON,VIP,2023-08-28
C00760,James,Thomas,james.thomas760@example.com,09374109680,,Central Visayas,individual,2020-02-14
C00761,Robert,Cruz,robert.cruz761@example.com,09800081643,Quezon City,Central Visayas,Individual,2022-01-30
C00762,Mark,Reyes,mark.reyes762@example.com,, Manila,ncr,VIP,2023-08-27
C00763,Daniel,Mendoza,daniel.mendoza763@example.com,,Makati,NCR,Individual,2024-07-30
C00764,David,Johnson,david.johnson764@example.com,+63 9767774608,Manila,,individual,2019-05-21
C00765,Michael,Wilson,michael.wilson765@example.com,, Antipolo , central luzon ,individual,2025-01-07
C00766,Rachel,Santos,rachel.santos766@example.com,09604107803,Cebu City,CALABARZON,,2020-01-30
C00767,Chris,Torres,chris.torres767@example.com,09652691461,Taguig,WESTERN VISAYAS ,Business,2021-10-23
C00768,Robert,Smith,robert.smith768@example.com,,Antipolo,CALABARZON,Business,2022-09-05
C00769,Michael,Taylor,michael.taylor769@example.com,+63 9903090102,Manila,,,2019-05-20
C00770,David,Smith,,+63 9619524460,Taguig,Davao Region,Business,2024-01-31
C00771,Angela,Anderson,angela.anderson771@example.com,,Cebu City,Central Luzon,individual,2025-02-26
C00772,Anna,Smith,anna.smith772@example.com,+63 9167772190,Davao City, Davao Region ,Individual,2020-05-07
C00773,Robert,Dela Cruz,robert.delacruz773@example.com,+63 9585937780,Antipolo,NCR,BUSINESS,2021-01-17
C00774,Brian,Torres,brian.torres774@example.com,09830761164,Taguig,CALABARZON,Business,2025-04-24
C00775,Maria,Moore,maria.moore775@example.com,,Makati,NCR,,2021-07-15
C00776,Angela,White,angela.white776@example.com,09317106437,Davao City,Davao Region,individual,2024-03-31
C00777,Robert,Santos,robert.santos777@example.com,,Pasig,Western Visayas,Individual,2019-08-31
C00778,Michael,Martin,michael.martin778@example.com,09920975401,Davao City,Western Visayas,BUSINESS,2021-03-03
C00779,Grace,Cruz,grace.cruz779@example.com,+63 9250796657,Quezon City,Davao Region,Business,2021-04-23
C00780,Emily,Smith,,+63 9659011768, antipolo,CALABARZON,BUSINESS,2025-11-03
C00781,James,Smith,james.smith781@example.com,+63 9509634343,Quezon City,Central Visayas,,2024-06-18
C00782,Brian,Garcia,brian.garcia782@example.com,,Cebu City,Western Visayas,,2023-11-07
C00783,Anna,Lim,anna.lim783@example.com,+63 9396208468,Antipolo,Western Visayas,VIP,2019-12-07
C00784,Jennifer,Rivera,jennifer.rivera784@example.com,+63 9734672082,pasig,Davao Region,BUSINESS,2023-04-17
C00785,Anna,Taylor,anna.taylor785@example.com,,Quezon City ,Western Visayas,BUSINESS,2023-09-24
C00786,Maria,Johnson,maria.johnson786@example.com,,ANTIPOLO,Central Visayas,Individual,2021-06-03
C00787,John,Smith,john.smith787@example.com,09542536154,Caloocan,CALABARZON,,2022-11-10
C00788,Emily,Anderson,emily.anderson788@example.com,,Pasig,Central Luzon,BUSINESS,2022-08-11
C00789,Grace,Mendoza,grace.mendoza789@example.com,+63 9458375577,Iloilo,Central Luzon,VIP,2020-02-19
C00790,David,Smith,david.smith790@example.com,+63 9299922295,Taguig,Western Visayas,VIP,2023-11-29
C00791,Daniel,Mendoza,daniel.mendoza791@example.com,,Pasig,Western Visayas,VIP,2025-04-12
C00792,David,White,david.white792@example.com,09313266186,Iloilo,Western Visayas,VIP,2020-08-20
C00793,Angela,Johnson,angela.johnson793@example.com,,Pasig,NCR,Business,2023-12-18
C00794,Angela,Dela Cruz,angela.delacruz794@example.com,+63 9128302963,Taguig,Central Luzon,Business,2023-12-09
C00795,Sofia,Dela Cruz,,,Caloocan,Central Visayas,BUSINESS,2021-02-26
C00796,Brian,Taylor,brian.taylor796@example.com,,Pasig,CALABARZON,VIP,2023-11-02
C00797,Kevin,Smith,kevin.smith797@example.com,09182721548,Cebu City,Western Visayas,BUSINESS,2025-06-29
C00798,Brian,Martin,brian.martin798@example.com,,Taguig,Western Visayas,BUSINESS,2021-07-06
C00799,Chris,Reyes,chris.reyes799@example.com,, davao city ,WESTERN VISAYAS ,,2022-12-22
C00800,Emily,Taylor,emily.taylor800@example.com,,Iloilo,Western Visayas,Business,2023-06-12
C00801,Alex,Tan,alex.tan801@example.com,+63 9427127331,Taguig,Davao Region,Business,2025-01-19
C00802,Mark,Santos,mark.santos802@example.com,+63 9864626275,Iloilo,Davao Region,Business,2021-03-08
C00803,Daniel,Mendoza,,09631475412,cebu city,Central Visayas,individual,2024-04-27
C00804,Mark,Mendoza,mark.mendoza804@example.com,,Davao City, CENTRAL VISAYAS ,,2019-12-01
C00805,Anna,Thomas,anna.thomas805@example.com,,Manila,NCR,Individual,2022-08-31
C00806,John,Taylor,john.taylor806@example.com,09174506118,Iloilo,Davao Region,VIP,2020-02-02
C00807,Michael,White,michael.white807@example.com,,Makati,CENTRAL VISAYAS,Individual,2022-06-30
C00808,Grace,Mendoza,grace.mendoza808@example.com,+63 9207075216,Taguig,Davao Region,individual,2025-02-22
C00809,Alex,Garcia,alex.garcia809@example.com,09170290990,Cebu City ,CENTRAL VISAYAS ,,2025-08-18
C00810,Brian,Cruz,brian.cruz810@example.com,,Iloilo,Davao Region,BUSINESS,2021-04-03
C00811,Michael,Anderson,michael.anderson811@example.com,+63 9772526678,Davao City,NCR,individual,2020-03-03
C00812,Jennifer,White,jennifer.white812@example.com,+63 9944347580,Manila, NCR,,2025-05-28
C00813,Mark,Reyes,mark.reyes813@example.com,+63 9425285707,Taguig,davao region,BUSINESS,2020-12-31
C00814,Maria,Torres,maria.torres814@example.com,, CEBU CITY,NCR ,VIP,2019-01-20
C00815,Mark,Mendoza,mark.mendoza815@example.com,+63 9345212382, DAVAO CITY,Central Visayas,,2022-06-22
C00816,Emily,Wilson,emily.wilson816@example.com,+63 9984285361,Davao City,Central Luzon,individual,2021-11-04
C00817,David,Reyes,david.reyes817@example.com,, TAGUIG, NCR,VIP,2023-06-20
C00818,Robert,Tan,robert.tan818@example.com,09380782622,Davao City,Central Luzon,BUSINESS,2024-08-01
C00819,Brian,Reyes,brian.reyes819@example.com,09217407113,Manila, central luzon ,VIP,2023-11-30
C00820,Alex,White,alex.white820@example.com,09811758502,Taguig,NCR,Business,2022-10-30
C00821,Daniel,Johnson,daniel.johnson821@example.com,+63 9160589273, Davao City ,Central Luzon,VIP,2023-12-03
C00822,Alex,Cruz,alex.cruz822@example.com,+63 9667533335,Antipolo ,NCR,individual,2024-10-22
C00823,Rachel,Mendoza,rachel.mendoza823@example.com,09445375777,Makati,Western Visayas,individual,2019-01-15
C00824,David,Taylor,david.taylor824@example.com,,Manila,,individual,2025-05-29
C00825,Robert,White,robert.white825@example.com,,Caloocan,CALABARZON,,2024-02-07
C00826,Michael,Anderson,michael.anderson826@example.com,09486692169,Pasig,Central Luzon,individual,2021-11-19
C00827,John,Wilson,john.wilson827@example.com,+63 9145692965,Davao City,Davao Region,individual,2020-05-27
C00828,Sofia,Brown,sofia.brown828@example.com,,Caloocan,Central Visayas,VIP,2022-08-28
C00829,Michael,Thomas,michael.thomas829@example.com,09332958281,Iloilo,Western Visayas,BUSINESS,2023-01-28
C00830,Nicole,Johnson,nicole.johnson830@example.com,09329258575, caloocan,Davao Region,Business,2021-06-08
C00831,Daniel,Brown,daniel.brown831@example.com,+63 9293612001,Manila,Central Visayas,Business,2022-01-24
C00832,Chris,Dela Cruz,chris.delacruz832@example.com,09717475789,Makati,Central Visayas,,2020-06-18
C00833,Rachel,White,rachel.white833@example.com,,Quezon City,,Individual,2022-09-19
C00834,Grace,Torres,grace.torres834@example.com,09328719736,Cebu City,CALABARZON,individual,2024-04-29
C00835,Daniel,Tan,daniel.tan835@example.com,09961501642, Makati,Central Visayas ,VIP,2021-10-18
C00836,Michael,Anderson,michael.anderson836@example.com,+63 9245598039,Caloocan,Central Luzon,BUSINESS,2023-01-24
C00837,Chris,Mendoza,chris.mendoza837@example.com,,Iloilo,CALABARZON,VIP,2019-10-10
C00838,Rachel,Tan,rachel.tan838@example.com,,Taguig,CALABARZON,Individual,2022-12-23
C00839,Jennifer,Santos,jennifer.santos839@example.com,09733854211,Cebu City,Central Luzon,BUSINESS,2019-04-07
C00840,Daniel,Reyes,daniel.reyes840@example.com,+63 9429248031,Caloocan,calabarzon ,Individual,2022-09-25
C00841,Michael,White,,+63 9120628901,Davao City,Central Visayas,Individual,2022-01-12
C00842,Mark,Johnson,mark.johnson842@example.com,+63 9555818678, Cebu City ,Central Luzon,VIP,2019-12-08
C00843,James,Smith,james.smith843@example.com,09221896837,Quezon City,Central Luzon,Business,2025-05-31
C00844,James,Cruz,,+63 9890814637,iloilo,Western Visayas,,2020-03-09
C00845,Maria,Dela Cruz,maria.delacruz845@example.com,09901080200,Quezon City,,,2021-08-12
C00846,James,Brown,james.brown846@example.com,+63 9306844104,Taguig,Central Visayas,Business,2024-04-05
C00847,Chris,Reyes,chris.reyes847@example.com,09645014593,Makati,CALABARZON,,2020-05-22
C00848,James,Torres,james.torres848@example.com,09445106468,Makati,Davao Region,individual,2024-09-06
C00849,Sofia,Wilson,sofia.wilson849@example.com,09470182204,,Western Visayas,Business,2019-09-22
C00850,Jennifer,Johnson,jennifer.johnson850@example.com,+63 9765553914,Quezon City,Western Visayas,,2019-12-28
C00851,Grace,White,grace.white851@example.com,+63 9711175063,Cebu City,Western Visayas,VIP,2024-08-08
C00852,Jennifer,Smith,jennifer.smith852@example.com,09899904758,Iloilo ,Central Visayas,individual,2024-03-14
C00853,Michael,Dela Cruz,michael.delacruz853@example.com,09513996372,Makati,Central Visayas,,2020-09-03
C00854,John,Wilson,john.wilson854@example.com,09810572351,Iloilo, CENTRAL LUZON ,Individual,2024-07-30
C00855,Robert,Moore,robert.moore855@example.com,,Caloocan,Central Luzon,,2019-09-02
C00856,James,Smith,james.smith856@example.com,09752639236,Taguig,Central Visayas,individual,2024-07-02
C00857,Daniel,Smith,daniel.smith857@example.com,+63 9764088047, Iloilo ,Western Visayas,,2020-06-08
C00858,Jennifer,Cruz,,09497293622,Taguig,Western Visayas,VIP,2024-05-04
C00859,Mark,Taylor,mark.taylor859@example.com,09849825646,Cebu City,Davao Region,Business,2025-08-25
C00860,Kevin,Martin,kevin.martin860@example.com,,Quezon City,Central Luzon,Individual,2024-12-07
C00861,Rachel,Lim,rachel.lim861@example.com,09518304557,Pasig,CALABARZON,Individual,2024-04-24
C00862,John,Smith,john.smith862@example.com,,Makati,CALABARZON,VIP,2025-10-13
C00863,Sofia,White,sofia.white863@example.com,09417419100,Taguig,Davao Region,individual,2023-09-29
C00864,John,Tan,john.tan864@example.com,09254682821,Manila,CENTRAL VISAYAS ,,2023-04-14
C00865,Rachel,Anderson,rachel.anderson865@example.com,+63 9393724281,Pasig,Davao Region,Business,2025-07-30
C00866,John,Garcia,john.garcia866@example.com,+63 9693323022,Cebu City ,NCR,,2022-08-19
C00867,Mark,White,mark.white867@example.com,+63 9791082762,Cebu City,davao region,individual,2019-09-19
C00868,Michael,Garcia,michael.garcia868@example.com,09866494676,Cebu City, CALABARZON ,Individual,2024-11-19
C00869,David,Dela Cruz,david.delacruz869@example.com,09196071676,Caloocan,Central Luzon,,2025-04-03
C00870,Kevin,Martin,kevin.martin870@example.com,09335150429,Makati,Central Luzon,VIP,2023-05-07
C00871,David,Santos,david.santos871@example.com,09410997938,Davao City,NCR,Individual,2021-05-05
C00872,Jennifer,Santos,jennifer.santos872@example.com,+63 9724470223,Antipolo,Central Luzon,Business,2025-01-05
C00873,Rachel,Tan,rachel.tan873@example.com,+63 9648552823,Makati,Davao Region,Business,2022-09-01
C00874,Anna,Tan,anna.tan874@example.com,,Antipolo, Central Luzon,,2021-04-22
C00875,Chris,Tan,chris.tan875@example.com,,Pasig,NCR,Business,2025-05-10
C00876,Brian,Santos,brian.santos876@example.com,09332383018,Cebu City,Western Visayas,VIP,2024-02-19
C00877,Daniel,Martin,daniel.martin877@example.com,, TAGUIG ,NCR,VIP,2019-01-01
C00878,David,Taylor,david.taylor878@example.com,+63 9157485822,Taguig,Central Visayas,VIP,2019-11-08
C00879,John,Tan,john.tan879@example.com,09228931181,Pasig,Central Luzon,Individual,2024-05-05
C00880,Anna,Cruz,anna.cruz880@example.com,,Antipolo,NCR,individual,2019-09-17
C00881,Michael,Torres,michael.torres881@example.com,09828017647,Manila,Central Visayas,Individual,2025-06-20
C00882,James,Lim,james.lim882@example.com,09871881681,,CALABARZON,Business,2021-08-19
C00883,John,Reyes,john.reyes883@example.com,,Caloocan,Western Visayas,Individual,2022-03-19
C00884,Rachel,Johnson,rachel.johnson884@example.com,09607316366,Cebu City,CALABARZON,BUSINESS,2020-08-19
C00885,Grace,Wilson,grace.wilson885@example.com,+63 9499549977,Cebu City,Central Luzon,individual,2025-01-30
C00886,Nicole,Cruz,nicole.cruz886@example.com,+63 9457345648,Caloocan,Davao Region,Business,2019-06-25
C00887,Michael,White,michael.white887@example.com,,Makati,Davao Region ,,2023-06-12
C00888,Nicole,Garcia,nicole.garcia888@example.com,,Quezon City,CALABARZON,,2020-11-05
C00889,Mark,Martin,mark.martin889@example.com,+63 9998151518,Antipolo,Davao Region,individual,2021-06-16
C00890,Nicole,Garcia,nicole.garcia890@example.com,09791384795,Taguig,Davao Region,individual,2020-08-14
C00891,Robert,Rivera,robert.rivera891@example.com,09425190875,Antipolo,,Individual,2022-04-26
C00892,Daniel,Cruz,daniel.cruz892@example.com,+63 9227724737,Cebu City,NCR,VIP,2022-11-06
C00893,Sofia,Tan,sofia.tan893@example.com,,Iloilo,Western Visayas,Individual,2024-08-09
C00894,John,Lim,john.lim894@example.com,,Quezon City,Davao Region,VIP,2024-07-01
C00895,Maria,Martin,maria.martin895@example.com,+63 9609889702,ANTIPOLO,NCR,,2022-10-13
C00896,Jennifer,Reyes,jennifer.reyes896@example.com,,Caloocan,central visayas,Individual,2024-09-04
C00897,Brian,Mendoza,brian.mendoza897@example.com,+63 9706717769,Antipolo,NCR,Individual,2024-10-17
C00898,Alex,Tan,alex.tan898@example.com,,Cebu City,Western Visayas ,individual,2021-10-17
C00899,Daniel,Brown,daniel.brown899@example.com,+63 9339898241,Iloilo,Central Luzon,,2020-04-20
C00900,Michael,Dela Cruz,michael.delacruz900@example.com,09749834963,Caloocan,Western Visayas,,2024-11-21
C00901,Angela,Garcia,angela.garcia901@example.com,+63 9399468967,Antipolo,NCR ,individual,2024-09-08
C00902,Michael,Garcia,,09192747165,Taguig,Davao Region,VIP,2024-05-11
C00903,Daniel,Taylor,daniel.taylor903@example.com,09700937421, Taguig,NCR,BUSINESS,2019-02-19
C00904,Emily,Taylor,emily.taylor904@example.com,09425713292,Cebu City,Central Visayas,Business,2024-04-28
C00905,Sofia,Garcia,sofia.garcia905@example.com,,Antipolo, NCR,Individual,2024-05-10
C00906,Chris,Mendoza,chris.mendoza906@example.com,,Cebu City,CALABARZON,individual,2019-06-25
C00907,David,Santos,david.santos907@example.com,+63 9501238247,Caloocan,Central Luzon,Business,2024-05-17
C00908,Brian,Wilson,brian.wilson908@example.com,09911136966,Taguig,CALABARZON,Individual,2023-11-08
C00909,Nicole,Cruz,nicole.cruz909@example.com,09856423593,Manila,Central Visayas,,2022-10-30
C00910,Angela,White,angela.white910@example.com,,Caloocan,Western Visayas,BUSINESS,2025-10-14
C00911,Chris,Dela Cruz,chris.delacruz911@example.com,+63 9842410947,Cebu City,Davao Region,VIP,2022-01-03
C00912,Robert,White,robert.white912@example.com,09436136625,Iloilo,CALABARZON,VIP,2024-10-21
C00913,Emily,Lim,emily.lim913@example.com,09819068385,Iloilo,Central Luzon,,2022-04-23
C00914,Grace,Moore,grace.moore914@example.com,+63 9956878875,Iloilo,NCR,VIP,2021-10-08
C00915,Mark,Mendoza,mark.mendoza915@example.com,+63 9633602104,Taguig,Western Visayas,BUSINESS,2024-02-24
C00916,Michael,Lim,michael.lim916@example.com,+63 9233604914,Antipolo, ncr ,BUSINESS,2025-07-18
C00917,Chris,Wilson,chris.wilson917@example.com,,Caloocan,Central Visayas,VIP,2020-05-04
C00918,Anna,Johnson,anna.johnson918@example.com,09158521238, pasig ,Western Visayas,Business,2019-06-13
C00919,Maria,Santos,maria.santos919@example.com,+63 9872634506,Pasig,Central Luzon,BUSINESS,2025-05-26
C00920,Angela,Johnson,angela.johnson920@example.com,,Iloilo,Central Luzon ,BUSINESS,2025-11-29
C00921,James,Taylor,james.taylor921@example.com,+63 9969248053, quezon city ,Central Luzon,Business,2022-02-18
C00922,Kevin,Tan,kevin.tan922@example.com,+63 9515219499,Taguig,NCR,individual,2023-12-18
C00923,David,White,david.white923@example.com,+63 9681178463,Taguig,Central Visayas,BUSINESS,2022-11-03
C00924,Jennifer,Thomas,jennifer.thomas924@example.com,09574797329, Cebu City,Western Visayas,individual,2021-04-28
C00925,Grace,Brown,grace.brown925@example.com,09867654308,Davao City,Central Visayas,,2025-04-26
C00926,James,Anderson,james.anderson926@example.com,,Cebu City,NCR,,2023-12-30
C00927,Nicole,Lim,nicole.lim927@example.com,+63 9493628113, Caloocan,Davao Region,Business,2019-05-29
C00928,Maria,Rivera,maria.rivera928@example.com,,ANTIPOLO , CALABARZON,Business,2021-07-27
C00929,Daniel,Thomas,daniel.thomas929@example.com,09199075213,Iloilo,Western Visayas,Business,2021-08-25
C00930,Sofia,White,sofia.white930@example.com,09172350979,Pasig,Central Luzon,individual,2025-03-16
C00931,Daniel,Dela Cruz,daniel.delacruz931@example.com,09300582179,Cebu City,CALABARZON,Individual,2024-08-13
C00932,Maria,Brown,maria.brown932@example.com,09151909478,Makati,Davao Region,BUSINESS,2022-02-17
C00933,Alex,Mendoza,alex.mendoza933@example.com,09866039298,Iloilo,NCR,Business,2019-01-03
C00934,Brian,Martin,brian.martin934@example.com,,Davao City,Central Visayas,BUSINESS,2022-12-20
C00935,David,Lim,david.lim935@example.com,, Caloocan ,CALABARZON,Individual,2025-10-11
C00936,David,Tan,david.tan936@example.com,09437740312,Manila,Western Visayas,individual,2025-08-15
C00937,Robert,Brown,robert.brown937@example.com,+63 9343816148,Pasig,Central Visayas,VIP,2021-04-18
C00938,Nicole,Reyes,nicole.reyes938@example.com,09256269664,Pasig,CALABARZON,individual,2023-11-11
C00939,Robert,Johnson,robert.johnson939@example.com,09692283210, CALOOCAN,NCR,Business,2025-04-19
C00940,John,Thomas,john.thomas940@example.com,09659517234,Caloocan,Davao Region,BUSINESS,2022-08-30
C00941,Maria,Thomas,maria.thomas941@example.com,+63 9914425101,Davao City,NCR,BUSINESS,2025-05-08
C00942,Michael,Brown,michael.brown942@example.com,,Pasig ,Davao Region,individual,2021-06-21
C00943,Robert,Santos,robert.santos943@example.com,,Taguig,Central Luzon,BUSINESS,2021-11-11
C00944,James,Mendoza,james.mendoza944@example.com,+63 9880865787,Quezon City,Central Luzon,individual,2020-04-12
C00945,Alex,Smith,alex.smith945@example.com,+63 9603505776,Iloilo,Western Visayas,,2022-08-30
C00946,Chris,Thomas,chris.thomas946@example.com,09965638807,Taguig,Central Visayas,VIP,2024-09-15
C00947,David,Reyes,david.reyes947@example.com,+63 9960790684,Quezon City,Davao Region,Business,2021-10-15
C00948,Michael,Garcia,michael.garcia948@example.com,+63 9489760664,Davao City,CALABARZON,Business,2020-10-27
C00949,James,Smith,james.smith949@example.com,+63 9567747088, Davao City , CALABARZON,individual,2023-06-12
C00950,David,Wilson,david.wilson950@example.com,,Makati,Davao Region,individual,2019-12-06
C00951,James,Santos,james.santos951@example.com,09560144135,Makati,NCR,Individual,2020-06-30
C00952,Grace,Johnson,grace.johnson952@example.com,09193974088,Pasig,NCR,Individual,2019-06-11
C00953,Sofia,Mendoza,sofia.mendoza953@example.com,09984968257,Pasig,Davao Region,Individual,2025-11-14
C00954,James,Anderson,james.anderson954@example.com,,antipolo ,CALABARZON,,2024-04-20
C00955,Brian,Tan,brian.tan955@example.com,+63 9974710918,Davao City,Central Luzon,VIP,2022-08-30
C00956,Alex,Dela Cruz,alex.delacruz956@example.com,09139511177,Iloilo, CENTRAL LUZON ,VIP,2022-08-03
C00957,Jennifer,Wilson,jennifer.wilson957@example.com,,Antipolo,CALABARZON,Business,2024-04-22
C00958,Grace,Mendoza,grace.mendoza958@example.com,09470532888,Manila,CALABARZON,individual,2024-03-13
C00959,Mark,Anderson,mark.anderson959@example.com,,Davao City,Davao Region,Business,2019-01-31
C00960,Nicole,Cruz,nicole.cruz960@example.com,09459227061,Makati,Davao Region,VIP,2021-04-08
C00961,Nicole,Reyes,nicole.reyes961@example.com,,Cebu City,CALABARZON,Individual,2024-05-31
C00962,Sofia,Dela Cruz,sofia.delacruz962@example.com,,Antipolo,Central Visayas,BUSINESS,2025-11-13
C00963,Nicole,Reyes,nicole.reyes963@example.com,,Pasig, CENTRAL VISAYAS,Individual,2024-04-27
C00964,Alex,White,alex.white964@example.com,,Taguig,CALABARZON,Individual,2021-07-28
C00965,Chris,Lim,chris.lim965@example.com,09104601001,Manila,Central Visayas,Individual,2023-10-28
C00966,Emily,Moore,emily.moore966@example.com,09686849216,Antipolo,Western Visayas,,2022-06-08
C00967,Maria,Martin,maria.martin967@example.com,,Antipolo,NCR,individual,2025-04-15
C00968,Daniel,Moore,daniel.moore968@example.com,+63 9835603384,Quezon City,Central Luzon,Individual,2020-02-12
C00969,Emily,Mendoza,emily.mendoza969@example.com,+63 9376050957,Makati,Central Luzon,VIP,2020-02-04
C00970,Angela,Moore,angela.moore970@example.com,09181846798,Manila,NCR,VIP,2021-01-03
C00971,Alex,Smith,alex.smith971@example.com,,Caloocan,Central Visayas,VIP,2019-12-08
C00972,James,Johnson,james.johnson972@example.com,,Pasig,Davao Region,Individual,2019-09-17
C00973,Mark,Mendoza,mark.mendoza973@example.com,09840376990,Caloocan,Western Visayas,VIP,2023-05-14
C00974,Brian,Brown,brian.brown974@example.com,,Caloocan,Western Visayas,,2021-07-17
C00975,Jennifer,Moore,jennifer.moore975@example.com,,Cebu City,NCR ,,2023-03-06
C00976,Nicole,Santos,nicole.santos976@example.com,09597659232,Quezon City,Davao Region,BUSINESS,2020-07-10
C00977,Angela,Moore,angela.moore977@example.com,,Manila,Western Visayas,VIP,2025-01-08
C00978,Maria,Garcia,maria.garcia978@example.com,09422342791,Pasig,Central Luzon,individual,2019-11-01
C00979,James,Martin,james.martin979@example.com,09421929419,Manila, CALABARZON ,BUSINESS,2025-10-05
C00980,Anna,Johnson,anna.johnson980@example.com,+63 9924632414,Cebu City,Central Luzon,BUSINESS,2019-11-19
C00981,Emily,Tan,emily.tan981@example.com,,Quezon City,Davao Region,,2025-02-14
C00982,Angela,Tan,angela.tan982@example.com,09533415651,Pasig,CENTRAL VISAYAS ,Individual,2025-08-06
C00983,Jennifer,Reyes,jennifer.reyes983@example.com,,Quezon City,Davao Region,Business,2019-12-02
C00984,Daniel,Taylor,daniel.taylor984@example.com,09211533646,Caloocan,Western Visayas,,2024-09-18
C00985,John,Thomas,john.thomas985@example.com,,Taguig,CENTRAL LUZON ,BUSINESS,2022-04-13
C00986,David,Taylor,david.taylor986@example.com,+63 9408875535,Taguig,NCR,VIP,2025-10-15
C00987,Anna,Brown,anna.brown987@example.com,,Makati,Western Visayas,,2021-10-16
C00988,Maria,Rivera,maria.rivera988@example.com,,Quezon City,Central Luzon,VIP,2020-04-06
C00989,Sofia,Garcia,sofia.garcia989@example.com,09114774605,Cebu City,Central Luzon ,VIP,2022-08-24
C00990,Brian,Lim,brian.lim990@example.com,09316411521,Taguig,Central Luzon,,2021-09-21
C00991,Emily,Wilson,emily.wilson991@example.com,+63 9565245234, makati ,CALABARZON,Individual,2022-03-22
C00992,Emily,Mendoza,emily.mendoza992@example.com,,Quezon City,CALABARZON,Business,2024-01-15
C00993,Emily,Martin,emily.martin993@example.com,+63 9272290781,Taguig,,Business,2024-06-13
C00994,Angela,Thomas,angela.thomas994@example.com,+63 9217923052,Cebu City,western visayas ,individual,2019-03-25
C00995,Anna,Rivera,anna.rivera995@example.com,09370688991,Antipolo,Davao Region,BUSINESS,2021-01-19
C00996,Brian,Santos,brian.santos996@example.com,,Antipolo,,Business,2021-02-06
C00997,Robert,Wilson,robert.wilson997@example.com,,Taguig,Western Visayas,BUSINESS,2025-05-04
C00998,Anna,Brown,anna.brown998@example.com,+63 9362942260,Manila,CALABARZON,Business,2024-12-21
C00999,Kevin,Wilson,kevin.wilson999@example.com,09117643054,Quezon City,Central Luzon,Individual,2021-04-19
C01000,Angela,Cruz,angela.cruz1000@example.com,,Makati,Central Luzon,Individual,2019-05-30