return_id,order_id,customer_id,return_date,return_reason,refund_amount,return_status,inspection_result
R00001,O002435,C00690,2025-05-08,Changed Mind,,Requested,Passed
R00002,O001399,C00042,2025-01-28,Changed Mind,4999,Approved,
R00003,O000397,C00451,2022-11-23,late delivery ,499,Requested,
R00004,O003431,C00977,2025-05-13,Damaged,1499,Completed,
R00005,O002041,C00494,2022-03-25,Wrong Item,9999,,Passed
R00006,O004955,C00810,2024-04-26,Damaged,,Completed,Not Inspected
R00007,O004520,C00563,2024-02-10,Damaged,2999,Pending,Not Inspected
R00008,O004026,C00431,2023-08-23,Wrong Item,799,Completed,
R00009,O002289,C00817,2023-01-21,Changed Mind,799,Requested,Failed
R00010,O003600,C00532,2024-10-10,Defective,9999, Rejected,Not Inspected
R00011,O001786,C00425,2022-08-24,Changed Mind,4999,Approved,Not Inspected
R00012,O001311,C00137,2025-10-10,Damaged,799,Rejected,Failed
R00013,O002989,C00576,2023-12-04,Changed Mind,2999,Requested,Failed
R00014,O004173,C00116,2023-02-16,Late Delivery,1499,Completed,Not Inspected
R00015,O004977,C00341,2022-07-05,Changed Mind,9999,Pending,Not Inspected
R00016,O003925,C00675,2025-12-07,Late Delivery,1499,Rejected,Passed
R00017,O004460,C00564,2025-01-13,Wrong Item,9999,Approved,
R00018,O000630,C00788,2024-05-29,Damaged,2999, Rejected ,Passed
R00019,O002632,C00529,2024-04-22, changed mind,2999, completed,Passed
R00020,O003750,C00069,2023-02-04,Late Delivery,999,Rejected,Failed
R00021,O000199,C00523,2023-06-18,Changed Mind,799,Rejected,
R00022,O001674,C00702,2023-09-05,Not as Described,9999, completed,Passed
R00023,O002588,C00230,2022-02-18,wrong item ,999,Rejected,Failed
R00024,O001856,C00047,2025-03-29,Defective,2999,Rejected,Failed
R00025,O000142,C00819,2023-10-03,Not as Described,499,Approved,Passed
R00026,O002973,C00257,2025-09-06,Defective,799,Rejected,Passed
R00027,O001314,C00082,2025-11-22,Not as Described,999,Rejected,Passed
R00028,O001270,C00391,2022-05-12,Damaged,,Rejected,Not Inspected
R00029,O001723,C00176,2024-05-16,Late Delivery ,4999,Pending,Failed
R00030,O003305,C00625,2023-12-23,Changed Mind,499,Rejected,
R00031,O000531,C00704,2024-05-23, Late Delivery ,4999,Completed,Failed
R00032,O000772,C00914,2024-03-02,Late Delivery,2999,Requested,
R00033,O002167,C00531,2023-07-27,LATE DELIVERY,799,Requested,Passed
R00034,O003032,C00992,2025-01-07,Changed Mind,2999,Completed,Not Inspected
R00035,O003212,C00572,2024-11-26,Defective,1499,Approved,
R00036,O001006,C00140,2022-12-21,Defective,799,Requested,Failed
R00037,O002009,C00754,2023-02-05,,499,Requested,
R00038,O001253,C00450,2024-04-21,Defective,2999,Requested,Passed
R00039,O001332,C00778,2022-12-10,Defective,,Requested,Passed
R00040,O004479,C00745,2023-12-22,Defective,799,Completed,Not Inspected
R00041,O000324,C00660,2022-03-27,Late Delivery,799,,Not Inspected
R00042,O003894,C00188,2023-06-26,Changed Mind,9999,Rejected,Passed
R00043,O002011,C00991,2024-05-12, Changed Mind,499,Approved,Not Inspected
R00044,O002364,C00759,2023-07-28,Not as Described,799,Completed,Failed
R00045,O003334,C00338,2024-12-11,Wrong Item,9999,Completed,Not Inspected
R00046,O002820,C00293,2024-12-26, DEFECTIVE ,999,REQUESTED,
R00047,O002265,C00989,2024-01-19,,2999,Pending,Not Inspected
R00048,O002930,C00334,2025-10-27,,1499,Requested,Passed
R00049,O004953,C00894,2022-12-09,Defective,999,Approved,Failed
R00050,O002032,C00972,2023-12-30,Late Delivery,799, completed ,Passed
R00051,O002703,C00372,2025-06-01,Damaged,499,Requested,Not Inspected
R00052,O003846,C00547,2025-07-08,Late Delivery,1499,Approved,Passed
R00053,O003377,C00534,2022-10-26,Not as Described,999,Completed,
R00054,O001847,C00142,2025-05-04,Late Delivery,1499,Approved,Passed
R00055,O002862,C00367,2025-02-23,Defective,799,Completed,Passed
R00056,O002064,C00163,2022-12-05,Late Delivery,499,Completed,Not Inspected
R00057,O001383,C00729,2023-12-09,Changed Mind,1499,Approved,Passed
R00058,O003459,C00436,2022-07-21,Late Delivery,999,Requested ,Passed
R00059,O000566,C00196,2022-05-08,Defective,4999,Approved,Passed
R00060,O004310,C00260,2025-06-23,Not as Described,1499,Requested,Not Inspected
R00061,O002123,C00702,2023-03-31,Wrong Item,9999,Requested,Not Inspected
R00062,O003588,C00625,2025-11-01, CHANGED MIND ,999,Pending,Not Inspected
R00063,O000036,C00892,2024-03-23,Changed Mind,999,Completed,
R00064,O004102,C00736,2022-06-12,Late Delivery,1499,,Not Inspected
R00065,O001457,C00967,2023-04-24,Damaged,4999,Completed,Passed
R00066,O003053,C00783,2022-01-04,Late Delivery,2999,Approved,
R00067,O000849,C00609,2025-09-11,Changed Mind,999,Pending,Not Inspected
R00068,O003296,C00778,2022-01-14,Defective,499,Pending,Passed
R00069,O002010,C00857,2023-03-08,Damaged,1499,Pending,Failed
R00070,O000264,C00908,2023-04-09, Late Delivery ,2999,Approved,Not Inspected
R00071,O000199,C00828,2025-03-06,Damaged,4999,Approved,Passed
R00072,O002119,C00524,2023-11-22,Not as Described,499,Approved,
R00073,O000117,C00009,2023-12-15, late delivery,1499,Completed,
R00074,O001501,C00708,2024-02-28,Defective,799,Pending,Not Inspected
R00075,O004253,C00799,2023-01-18,Changed Mind,,PENDING,
R00076,O000146,C00410,2024-04-20,Damaged,1499,Completed,Passed
R00077,O000898,C00684,2023-06-21,Defective,1499, completed ,Not Inspected
R00078,O002985,C00021,2023-11-02,Damaged,799,,Passed
R00079,O002275,C00644,2023-06-16,Damaged,,Completed,Not Inspected
R00080,O001513,C00256,2024-12-18,Late Delivery,499,Pending,Passed
R00081,O003385,C00394,2025-06-20,Not as Described,4999,Approved,
R00082,O001117,C00292,2023-11-03,Damaged,799,Requested,
R00083,O001572,C00990,2022-04-13,Changed Mind,799,Pending,Failed
R00084,O000052,C00849,2025-12-16,Wrong Item,499,Completed,Not Inspected
R00085,O000645,C00334,2024-10-22,Changed Mind,999,Requested,Not Inspected
R00086,O000451,C00326,2025-08-08,Defective,799,Pending ,
R00087,O000624,C00621,2023-02-06,late delivery ,499,Completed,Passed
R00088,O000587,C00316,2022-07-24,Changed Mind,9999,Pending,Failed
R00089,O001045,C00224,2025-05-08,Defective,9999,Requested,Not Inspected
R00090,O004815,C00993,2025-02-25,Changed Mind,4999,Approved,
R00091,O003307,C00457,2022-08-29,Wrong Item,999,Rejected,Passed
R00092,O001873,C00670,2023-09-16,Wrong Item,4999, REJECTED,Not Inspected
R00093,O002647,C00647,2025-11-28,Defective,999,Pending,
R00094,O000501,C00571,2022-01-04,Damaged,799,Requested,
R00095,O000525,C00077,2024-11-11,Not as Described,1499,Completed,Passed
R00096,O002833,C00121,2024-03-20,,2999,Approved,Failed
R00097,O004565,C00979,2024-12-05,Damaged,4999,Pending,
R00098,O003126,C00048,2024-11-19,Not as Described,999,Approved,Not Inspected
R00099,O003183,C00068,2022-04-02,Defective,9999,Pending,Not Inspected
R00100,O003717,C00826,2024-12-07,Late Delivery,2999,,Failed
R00101,O000862,C00790,2022-10-18,Damaged,799, REJECTED,
R00102,O002030,C00615,2022-09-23,DEFECTIVE ,,Rejected,Not Inspected
R00103,O000364,C00200,2024-12-11,Not as Described,999,Requested,Passed
R00104,O001358,C00794,2023-10-31,Late Delivery,999,Pending,
R00105,O004819,C00503,2022-12-18,Wrong Item,4999,Requested,
R00106,O001698,C00657,2023-05-30, changed mind ,799,Pending,Not Inspected
R00107,O003017,C00584,2022-08-11, changed mind ,499,Rejected,Not Inspected
R00108,O003172,C00875,2022-07-19,Damaged,999,Pending,Failed
R00109,O001696,C00115,2023-04-09,Damaged,799,Rejected,Passed
R00110,O002464,C00163,2024-02-26,Wrong Item,999,,Failed
R00111,O004024,C00634,2025-01-09,Late Delivery,999,Pending,Not Inspected
R00112,O002043,C00020,2024-12-05,Wrong Item,,Completed,Failed
R00113,O000699,C00152,2024-11-29,Defective,999,Rejected,
R00114,O002387,C00076,2023-09-10,Late Delivery,799,Completed,
R00115,O000611,C00780,2023-11-17,Wrong Item,999,Completed,Not Inspected
R00116,O002836,C00044,2023-06-05, damaged ,9999,Requested,Passed
R00117,O001719,C00751,2023-08-29,Not as Described,9999,Rejected,Failed
R00118,O002655,C00286,2025-04-15,Changed Mind,1499,Requested,
R00119,O003032,C00755,2023-08-03,Damaged,799,Completed,
R00120,O003196,C00565,2023-06-26,Defective,4999,Approved,Not Inspected
R00121,O004306,C00279,2023-10-20,Damaged,1499,Requested,Failed
R00122,O001256,C00765,2023-04-28,Defective,9999,Pending,Not Inspected
R00123,O004724,C00661,2025-08-28,Not as Described,9999,Approved,Passed
R00124,O004931,C00770,2023-06-08, Late Delivery,999,Approved,Passed
R00125,O004147,C00038,2025-09-16,Wrong Item,4999,Completed,Failed
R00126,O004910,C00944,2024-06-20,Late Delivery,,Pending,Failed
R00127,O002482,C00711,2023-07-31,Not as Described,9999,Approved,Not Inspected
R00128,O000568,C00929,2023-11-12,Damaged,1499,,Not Inspected
R00129,O000133,C00212,2025-02-11,Changed Mind,2999,Rejected,
R00130,O003842,C00503,2025-11-25, WRONG ITEM ,499,Completed,Passed
R00131,O000308,C00835,2025-05-18,Late Delivery,1499,Rejected,
R00132,O003678,C00303,2023-09-09,Defective,4999,Requested,Failed
R00133,O002901,C00559,2025-07-04,Late Delivery,1499,Approved,Passed
R00134,O000943,C00410,2022-02-14,Defective,4999,Requested,Passed
R00135,O003391,C00656,2023-07-16,Damaged,4999,Rejected,Failed
R00136,O003456,C00769,2025-06-14,Defective,499,Approved,
R00137,O001562,C00128,2022-03-20,Changed Mind,1499,Completed,Failed
R00138,O000175,C00848,2024-07-08,Not as Described,999,Requested,Passed
R00139,O003564,C00741,2022-09-26, Not as Described ,,Completed,
R00140,O002307,C00865,2025-02-12,Defective,9999,Completed,Not Inspected
R00141,O000283,C00424,2025-12-24,Changed Mind,499,Pending,Failed
R00142,O000618,C00052,2024-07-09,Defective,, Completed ,Failed
R00143,O004438,C00451,2024-09-11,Changed Mind,9999,Rejected,Passed
R00144,O000198,C00551,2023-09-13,Defective,1499,Pending,Passed
R00145,O002533,C00713,2022-08-08,DAMAGED,9999,Requested,Not Inspected
R00146,O002908,C00475,2024-07-27,Defective,799,Rejected,Passed
R00147,O003069,C00635,2024-07-26,Changed Mind,9999,Requested,
R00148,O001661,C00272,2022-10-04,Wrong Item,999,Approved,Not Inspected
R00149,O003139,C00475,2025-05-04,Wrong Item,4999,Requested,Not Inspected
R00150,O001847,C00865,2024-09-12,CHANGED MIND,9999,Rejected,Passed
R00151,O000930,C00270,2025-05-22,changed mind ,9999,Completed,
R00152,O000900,C00638,2023-01-20,,2999,Requested,Passed
R00153,O001699,C00424,2024-03-08,Wrong Item,799,Completed,
R00154,O002808,C00603,2024-07-05,Damaged,799,Pending,Not Inspected
R00155,O004779,C00267,2022-07-01,Changed Mind,999,Requested,Passed
R00156,O003677,C00960,2023-01-28,,9999,Requested,Failed
R00157,O001530,C00475,2022-05-03,Late Delivery,2999,COMPLETED ,Passed
R00158,O000441,C00283,2023-06-20,Changed Mind,799,Completed,
R00159,O003715,C00050,2024-11-27, NOT AS DESCRIBED,799,Approved,Not Inspected
R00160,O000377,C00588,2025-10-02,Changed Mind,,Rejected,Failed
R00161,O003950,C00010,2023-06-29,Damaged,799,Completed,Not Inspected
R00162,O000361,C00246,2025-08-04,Defective,9999,Requested,Failed
R00163,O003056,C00828,2022-11-14,Not as Described,2999,Approved,Failed
R00164,O002382,C00645,2022-06-24,Not as Described,,Approved,Passed
R00165,O002237,C00051,2024-02-25,Late Delivery,999,Approved,
R00166,O001282,C00319,2022-03-17,late delivery ,2999,Completed,Passed
R00167,O004901,C00002,2025-10-05,Wrong Item,799,Rejected,
R00168,O000894,C00690,2023-09-08,Changed Mind,499,Requested,
R00169,O000110,C00844,2025-08-20,Late Delivery,999, completed ,Not Inspected
R00170,O002756,C00291,2022-07-25,Changed Mind,4999,Requested,Not Inspected
R00171,O004155,C00522,2024-03-29,Late Delivery,499,Requested,Not Inspected
R00172,O003240,C00093,2024-03-14,Not as Described,,Approved ,Failed
R00173,O001926,C00476,2025-12-18,Changed Mind,1499,Pending,Passed
R00174,O001143,C00976,2024-05-27,Changed Mind,799,Pending,Passed
R00175,O004400,C00455,2025-06-17,Defective,9999,Pending,Passed
R00176,O003357,C00752,2025-11-21,Not as Described,999,Approved,Passed
R00177,O001897,C00384,2025-03-31,Wrong Item,1499,Approved,
R00178,O003020,C00762,2023-06-21, Defective,799, rejected,
R00179,O003977,C00847,2024-11-05,Wrong Item,,Completed,Not Inspected
R00180,O000418,C00665,2025-01-27,Wrong Item,4999,REJECTED,Failed
R00181,O002580,C00244,2025-02-06,Not as Described,,Rejected,Not Inspected
R00182,O002825,C00743,2024-11-10,Late Delivery,4999,Completed,Failed
R00183,O000326,C00407,2022-08-31,Late Delivery,,Completed,
R00184,O000619,C00111,2023-07-02,Not as Described,,Completed,
R00185,O004495,C00914,2023-05-24,Late Delivery,799,Completed,Failed
R00186,O001709,C00490,2023-09-04,Wrong Item,799,Pending,Passed
R00187,O003237,C00414,2025-01-29,,4999,Approved,Not Inspected
R00188,O004580,C00385,2022-04-22,Late Delivery,1499, Pending ,
R00189,O000512,C00372,2022-04-08,Not as Described,2999,Pending,Failed
R00190,O001421,C00511,2025-04-08,Changed Mind,4999,Rejected,Not Inspected
R00191,O000015,C00116,2023-07-11,Wrong Item,1499, APPROVED ,
R00192,O002650,C00673,2024-01-25,Defective,799,Completed,Not Inspected
R00193,O004034,C00366,2025-06-13,Defective,499,Approved,Failed
R00194,O001661,C00532,2024-04-04,Defective,,Completed,Passed
R00195,O004131,C00892,2024-03-13,,499,Rejected,Passed
R00196,O000271,C00826,2023-11-18,Defective,1499,,Not Inspected
R00197,O000128,C00186,2023-07-18,Damaged,2999,rejected,
R00198,O003997,C00398,2022-09-26,Not as Described,4999, Completed,Failed
R00199,O001122,C00161,2023-02-15,Damaged,,Requested,Failed
R00200,O004519,C00502,2022-11-26,Late Delivery,1499, Requested,Not Inspected
R00201,O003257,C00362,2025-04-03,Changed Mind,799, Pending,Failed
R00202,O000342,C00742,2024-02-08,Changed Mind,999,Pending,Not Inspected
R00203,O000578,C00741,2025-04-20,Defective,1499,Completed,Failed
R00204,O002630,C00386,2022-05-28,Not as Described,1499,Pending,Passed
R00205,O002583,C00180,2024-05-07,Wrong Item,1499,Pending,
R00206,O001910,C00871,2023-08-11, Damaged ,999,Approved,
R00207,O000543,C00505,2025-02-10,Defective,499,Rejected,Not Inspected
R00208,O001532,C00839,2024-12-21,Wrong Item,,Requested,Not Inspected
R00209,O002846,C00952,2024-02-27,Late Delivery,1499,Rejected,
R00210,O004799,C00293,2024-09-20,Defective,9999, Completed ,Not Inspected
R00211,O002061,C00834,2024-07-27,Not as Described,,Completed,Not Inspected
R00212,O004946,C00677,2023-08-31, DAMAGED ,1499,Pending,Failed
R00213,O001686,C00650,2025-05-12,Damaged,1499,Approved,Passed
R00214,O001676,C00499,2023-08-01,Damaged,799,Pending,Failed
R00215,O003505,C00080,2022-10-03,Changed Mind,799,Completed,
R00216,O004110,C00041,2022-10-31,Defective,2999,Approved,
R00217,O000436,C00613,2025-04-09,Defective,999, Pending,Passed
R00218,O000910,C00187,2024-12-19,Defective,2999,Requested,
R00219,O001099,C00143,2023-11-25,not as described,2999,Approved,Failed
R00220,O001662,C00776,2025-09-22,Changed Mind,9999, completed,Not Inspected
R00221,O001789,C00760,2025-12-07,Defective,499,,Not Inspected
R00222,O002527,C00840,2025-04-16,Not as Described,499,Completed,Passed
R00223,O000039,C00030,2023-06-13,wrong item,9999,Pending,Failed
R00224,O001396,C00589,2023-06-03,Wrong Item,9999,Approved,Passed
R00225,O001964,C00341,2025-10-17,,2999,Approved,Passed
R00226,O000931,C00871,2025-03-02, Changed Mind,799,Approved,
R00227,O002301,C00101,2023-12-30,Damaged,9999,Rejected,
R00228,O002839,C00510,2022-07-23,Late Delivery,,Completed,Not Inspected
R00229,O001155,C00107,2022-11-14,Wrong Item ,799,Approved,
R00230,O002295,C00686,2024-02-17,Damaged,799,Approved,
R00231,O003161,C00931,2022-02-11,Defective,,Requested,Failed
R00232,O003055,C00173,2024-07-04,Late Delivery,799,Pending,Failed
R00233,O001579,C00509,2023-08-13,Defective,999,Requested,
R00234,O001032,C00964,2023-10-10,Damaged,999, Completed,Passed
R00235,O000981,C00475,2022-02-14,Not as Described,1499, APPROVED,Failed
R00236,O002173,C00496,2023-11-20, not as described ,2999, REQUESTED ,Failed
R00237,O003800,C00923,2023-08-10,Late Delivery,499,Completed,Not Inspected
R00238,O002115,C00017,2023-08-15,Damaged,4999,,
R00239,O000449,C00026,2024-08-04,Changed Mind,2999,Rejected,Passed
R00240,O002419,C00566,2022-05-01,Changed Mind,2999,Completed,Not Inspected
R00241,O004793,C00826,2025-10-31,Not as Described,999,Rejected,Failed
R00242,O000391,C00978,2025-09-04,Not as Described,2999,Pending,Passed
R00243,O001445,C00307,2024-07-07,Damaged ,,Approved,Passed
R00244,O003836,C00464,2024-04-26,,1499, requested,Failed
R00245,O003821,C00696,2024-10-16,Wrong Item,4999,Pending,Passed
R00246,O004163,C00023,2024-08-15,Not as Described,4999,Approved,Failed
R00247,O003981,C00788,2025-09-30,Changed Mind,2999,Rejected,Failed
R00248,O003001,C00117,2022-04-19,WRONG ITEM ,999,Requested,Passed
R00249,O000212,C00132,2025-09-23,Changed Mind,2999,Completed,Failed
R00250,O003326,C00616,2022-10-09,Late Delivery,,Pending,Failed
R00251,O003631,C00375,2025-12-28,Damaged,999,Requested,
R00252,O001662,C00871,2025-10-09,Late Delivery,799,Rejected,Passed
R00253,O001899,C00168,2022-07-23,Changed Mind,9999,Pending,Passed
R00254,O001691,C00323,2025-04-29,Changed Mind,4999,Approved,
R00255,O002106,C00593,2022-10-02,Changed Mind,1499,Requested,Failed
R00256,O002589,C00394,2025-02-09,Damaged,799,Approved,Not Inspected
R00257,O001170,C00888,2023-03-28,Defective,9999,completed,
R00258,O003787,C00540,2024-01-30,Defective,4999,COMPLETED ,Failed
R00259,O002151,C00313,2023-05-03,Late Delivery,,Completed,Passed
R00260,O002252,C00021,2022-01-10,,499,Pending,Failed
R00261,O004709,C00242,2025-11-11,Wrong Item,2999,Rejected,Passed
R00262,O004958,C00405,2022-08-02,Defective,999,Rejected,
R00263,O001937,C00454,2025-10-27,Defective,799,Pending,Passed
R00264,O003126,C00719,2023-12-24,Changed Mind,499,Requested,Failed
R00265,O000602,C00238,2023-09-16,Changed Mind,4999,Approved,Not Inspected
R00266,O001448,C00321,2024-01-16,Damaged,999, Requested,Passed
R00267,O003344,C00263,2025-08-03,Changed Mind,2999,Pending,Failed
R00268,O002425,C00463,2025-10-06,Not as Described,799, Requested ,
R00269,O000753,C00899,2024-07-17,Changed Mind,, Requested,Passed
R00270,O004084,C00675,2024-01-22,Defective,799,Approved,Passed
R00271,O000335,C00589,2025-04-23,Late Delivery,499,Rejected,Failed
R00272,O001031,C00512,2023-12-13,Damaged ,9999,APPROVED ,Not Inspected
R00273,O000111,C00051,2024-06-19,Wrong Item,2999,Requested,
R00274,O002793,C00486,2025-10-05,Defective,999,Requested,Failed
R00275,O004796,C00930,2024-02-10, NOT AS DESCRIBED ,799,Approved,Failed
R00276,O004768,C00273,2023-08-16,Late Delivery,999,Approved,Passed
R00277,O000137,C00605,2025-05-14,Wrong Item,999,Pending,Passed
R00278,O003670,C00441,2025-05-27,not as described ,499,Pending,
R00279,O004835,C00672,2023-09-09,Changed Mind,2999,Approved,Failed
R00280,O001631,C00671,2023-09-30,Wrong Item,499,Pending,Failed
R00281,O003273,C00346,2022-07-02, NOT AS DESCRIBED,799,Completed,Failed
R00282,O000587,C00423,2023-05-18,Damaged,2999,Completed,Failed
R00283,O002908,C00076,2022-02-24,Late Delivery ,2999, approved,Failed
R00284,O001156,C00043,2025-08-11,Damaged,9999,Completed,
R00285,O000080,C00249,2022-07-17,Wrong Item,499,Pending,Failed
R00286,O004861,C00196,2024-05-31,Wrong Item,799,Approved,Passed
R00287,O004064,C00664,2025-03-23,Not as Described ,2999,Rejected,Failed
R00288,O002938,C00259,2022-06-20,Damaged,499,Approved,Failed
R00289,O001623,C00948,2024-09-07,Not as Described,2999,Approved,
R00290,O002323,C00251,2024-03-14,Damaged,1499,Approved,
R00291,O001983,C00305,2025-05-27,Wrong Item,2999,Completed,Failed
R00292,O003572,C00419,2025-12-08,Late Delivery,4999,Completed,
R00293,O002472,C00877,2023-01-14,Damaged,999,Requested,
R00294,O002888,C00190,2023-02-23,Changed Mind,499,Approved,Passed
R00295,O001055,C00078,2024-03-06,Changed Mind,4999, REJECTED,Passed
R00296,O000382,C00288,2025-05-23,Defective,1499,Requested ,
R00297,O004213,C00033,2022-07-16,Late Delivery,1499,Rejected,Not Inspected
R00298,O003172,C00756,2025-03-14,Damaged,9999,Pending,
R00299,O001843,C00129,2024-07-26,Defective,1499,Requested,Not Inspected
R00300,O004585,C00547,2025-04-06,,9999,Pending,
R00301,O002480,C00592,2024-12-31,Not as Described,,Rejected,Failed
R00302,O001645,C00776,2024-04-30,Late Delivery,799,Completed,Passed
R00303,O002238,C00160,2023-12-24,Damaged,799,Requested,Not Inspected
R00304,O000466,C00159,2022-02-14,Damaged,,Completed,Passed
R00305,O002913,C00276,2022-07-10,Changed Mind,,Requested,Passed
R00306,O004322,C00804,2023-02-26,Not as Described,799,Approved,Not Inspected
R00307,O001112,C00659,2025-03-27,Late Delivery,999,Pending,Not Inspected
R00308,O000145,C00261,2022-07-18,Not as Described,2999,Pending,
R00309,O002692,C00713,2024-02-28,DEFECTIVE,499,Approved,Not Inspected
R00310,O000602,C00627,2023-12-10,,799,Approved,Failed
R00311,O002178,C00700,2024-06-10,Changed Mind,2999,Rejected,Passed
R00312,O003301,C00292,2023-07-17,Not as Described,499, Approved ,Failed
R00313,O003501,C00282,2024-03-25, Wrong Item,1499,Approved,Passed
R00314,O003124,C00658,2023-07-08,Damaged,2999,Approved,Not Inspected
R00315,O000844,C00644,2022-04-24,Damaged,799,Pending,Not Inspected
R00316,O002148,C00274,2022-05-02,Changed Mind,4999,Requested,Not Inspected
R00317,O004521,C00870,2024-11-12,Wrong Item,2999,Requested,Not Inspected
R00318,O003243,C00297,2025-09-11, Damaged ,4999,Approved,Failed
R00319,O003380,C00500,2024-10-13,Damaged,999,Completed,Passed
R00320,O002008,C00997,2023-08-08,Damaged,4999,,Not Inspected
R00321,O003014,C00946,2022-11-23, defective ,499,Requested,Not Inspected
R00322,O001548,C00634,2025-10-16, damaged,2999,Approved,
R00323,O001912,C00320,2025-12-20,Late Delivery,799,Pending,Passed
R00324,O004722,C00717,2025-02-07,Not as Described,499,Completed,Passed
R00325,O004993,C00888,2025-07-04,Changed Mind,4999,Rejected,Failed
R00326,O003376,C00439,2023-11-07,Not as Described,4999,,Failed
R00327,O000117,C00361,2025-09-21,Not as Described,4999,Approved,
R00328,O000957,C00899,2024-01-22,Late Delivery,, Pending ,Failed
R00329,O003282,C00716,2022-01-22,Late Delivery,1499,,Not Inspected
R00330,O003392,C00059,2024-01-22,Wrong Item,499,Requested,
R00331,O001392,C00860,2025-09-11, NOT AS DESCRIBED,499,Requested,Passed
R00332,O003164,C00303,2022-10-15,Changed Mind,499,Pending,Failed
R00333,O004733,C00582,2025-11-19,Defective,4999,Approved,Failed
R00334,O004833,C00327,2023-09-09,Not as Described,999,Rejected ,Not Inspected
R00335,O002873,C00691,2023-12-11,Changed Mind,9999,Approved,Failed
R00336,O001077,C00051,2025-06-04,Not as Described,999,Completed,
R00337,O004502,C00040,2022-08-10,Not as Described,4999, pending ,Not Inspected
R00338,O003115,C00342,2025-01-03,Not as Described,4999,Requested,Passed
R00339,O000725,C00570,2022-05-19,Wrong Item,999,Completed,Passed
R00340,O000306,C00993,2025-08-24,DAMAGED,4999, Approved,Failed
R00341,O002627,C00603,2022-08-06,Late Delivery,4999,Approved,Not Inspected
R00342,O004643,C00310,2023-11-08,Late Delivery,499,,
R00343,O000790,C00370,2025-03-02,Wrong Item,,Pending,Not Inspected
R00344,O000403,C00031,2025-01-16,Wrong Item,4999,Approved,Passed
R00345,O002469,C00421,2024-05-14,Late Delivery,4999,Rejected,Passed
R00346,O001207,C00909,2023-04-12,Changed Mind,4999,,Not Inspected
R00347,O002616,C00461,2022-07-19,Late Delivery,,Requested,
R00348,O003009,C00599,2025-02-20,Damaged,2999,Pending,Failed
R00349,O004430,C00286,2023-12-02,Late Delivery,1499,Rejected,Not Inspected
R00350,O004333,C00700,2025-05-28,Changed Mind,9999,Requested,Failed
R00351,O001928,C00516,2025-03-16,Damaged,999,Rejected,
R00352,O004224,C00192,2022-04-30,Defective,1499,Requested,Not Inspected
R00353,O000605,C00191,2022-12-15,Wrong Item,999,Rejected,Not Inspected
R00354,O000930,C00470,2022-03-14,Damaged,499, Completed,Not Inspected
R00355,O002904,C00230,2022-08-09,Not as Described,,Approved,
R00356,O003265,C00402,2024-08-20, CHANGED MIND,9999, rejected ,Not Inspected
R00357,O004920,C00098,2022-08-28,Defective,,Completed,Not Inspected
R00358,O000399,C00983,2023-09-20,Defective,4999,Completed,Not Inspected
R00359,O004007,C00115,2023-11-01,Late Delivery,9999,Rejected,Passed
R00360,O000709,C00003,2022-01-08,Not as Described,799,Requested,Failed
R00361,O004490,C00992,2025-01-01,Not as Described,9999,Pending,
R00362,O004879,C00076,2025-04-26, Defective ,799,Pending,
R00363,O004292,C00650,2023-03-05,Wrong Item,499,Requested,
R00364,O003238,C00034,2025-10-16,Changed Mind,499,Pending,Passed
R00365,O004949,C00160,2023-05-13,Changed Mind,799,Requested,Failed
R00366,O002709,C00886,2023-11-27,Late Delivery,4999, Pending ,
R00367,O004142,C00597,2024-07-15, CHANGED MIND ,4999,Rejected,Failed
R00368,O002673,C00657,2025-08-03,Defective,1499,Completed,Passed
R00369,O004399,C00213,2025-07-22,Wrong Item,9999,Approved,Not Inspected
R00370,O000283,C00715,2022-11-23,Not as Described,4999,Approved,
R00371,O002024,C00454,2023-08-20,Damaged,9999,Rejected,Not Inspected
R00372,O004076,C00673,2025-03-18,Wrong Item ,9999,Requested,Not Inspected
R00373,O002612,C00140,2024-01-19,Wrong Item,799,Approved,Failed
R00374,O000928,C00489,2022-12-19,Damaged,9999,Approved,
R00375,O001886,C00309,2023-01-20, Changed Mind ,1499,Requested ,
R00376,O001509,C00553,2023-03-09,Defective,4999,Pending,Failed
R00377,O003928,C00648,2024-09-01,Not as Described,1499,Requested,
R00378,O003060,C00441,2024-01-31,NOT AS DESCRIBED,499,Rejected,
R00379,O001830,C00532,2022-08-26,Defective,799,Completed,Failed
R00380,O004470,C00906,2025-06-28,Damaged,499,Completed,Passed
R00381,O003991,C00630,2023-04-06,Not as Described,499,Rejected,Not Inspected
R00382,O000388,C00040,2022-12-16,Late Delivery,1499,Pending,Failed
R00383,O003701,C00538,2024-11-05,Late Delivery,1499,Requested,Not Inspected
R00384,O001678,C00394,2025-01-06,Defective ,,Approved,
R00385,O001346,C00781,2024-05-25,Wrong Item,9999,Pending,
R00386,O002211,C00130,2023-01-11,Damaged,2999, Approved,
R00387,O003860,C00332,2025-07-14,Wrong Item,4999,Completed,Not Inspected
R00388,O004203,C00998,2022-05-14,Not as Described,1499,Requested,Passed
R00389,O003719,C00564,2022-04-09,Not as Described,,Approved,Passed
R00390,O001505,C00349,2022-10-12,Wrong Item,9999,Completed,Passed
R00391,O000911,C00598,2024-01-04,Late Delivery,4999,Pending,Not Inspected
R00392,O002369,C00317,2022-09-01,Defective,2999,Rejected,Failed
R00393,O004755,C00067,2022-05-10, DEFECTIVE ,,Approved,
R00394,O002443,C00299,2023-06-17,Defective,1499,Requested,Failed
R00395,O004837,C00803,2025-12-24,Not as Described,2999,Pending,
R00396,O001759,C00096,2022-01-20,Late Delivery,1499,Completed ,Passed
R00397,O003936,C00022,2022-05-28,Damaged,,Rejected ,
R00398,O001924,C00563,2025-07-24,Damaged,4999,Requested,
R00399,O001756,C00976,2022-10-04,Not as Described,2999,Pending,
R00400,O001228,C00658,2023-10-10,Defective,2999,Rejected,
R00401,O003471,C00675,2024-01-09,Defective,799,Pending,Passed
R00402,O004156,C00822,2024-12-05,Damaged,999,Requested,
R00403,O003941,C00548,2024-06-26,Damaged,4999,Requested,
R00404,O003253,C00152,2023-07-20,Damaged,9999,Rejected,Failed
R00405,O001355,C00256,2024-07-08,Wrong Item,4999,Requested,Not Inspected
R00406,O004107,C00002,2023-06-29,Changed Mind,799,rejected ,Passed
R00407,O000987,C00121,2023-07-18,Changed Mind,9999,Requested,Passed
R00408,O004047,C00929,2022-04-24, defective ,9999,Completed,
R00409,O000659,C00744,2023-06-03,Late Delivery,9999,Rejected,Not Inspected
R00410,O001506,C00393,2025-12-09,Not as Described,,Approved,Passed
R00411,O000984,C00293,2023-07-22,Wrong Item,9999,Requested,Failed
R00412,O001275,C00158,2023-12-09,Not as Described,2999,Rejected,Not Inspected
R00413,O002756,C00200,2022-09-05,Damaged,,Approved,Passed
R00414,O001440,C00112,2023-06-19,Damaged,499,COMPLETED,Passed
R00415,O004062,C00283,2022-03-02,Not as Described,999,Approved,Failed
R00416,O000261,C00494,2023-01-15,Defective,,Rejected,Not Inspected
R00417,O000506,C00078,2022-04-30,Changed Mind,1499,approved ,Failed
R00418,O002240,C00653,2023-06-29,Late Delivery,2999,Requested,Passed
R00419,O002594,C00758,2022-09-07,Not as Described,9999,Requested,
R00420,O002845,C00802,2024-06-06,Damaged,4999,Completed,Not Inspected
R00421,O000600,C00316,2025-06-05, Wrong Item ,2999,Rejected,Passed
R00422,O001083,C00722,2022-11-09,Wrong Item,,Rejected,Not Inspected
R00423,O001122,C00515,2022-05-12,Changed Mind,1499,Rejected,Failed
R00424,O004288,C00141,2022-04-17,Damaged,999,Approved,
R00425,O003718,C00568,2023-10-26,Wrong Item,4999,Completed ,Passed
R00426,O004816,C00494,2025-06-30,Damaged,9999,Completed,Passed
R00427,O003642,C00741,2023-07-08,Changed Mind,4999,Approved,Passed
R00428,O001006,C00915,2023-12-09,Defective,2999,Pending,Passed
R00429,O000382,C00427,2022-07-08,Defective,499,Rejected,Failed
R00430,O000664,C00729,2023-09-08,,,Requested,Failed
R00431,O001332,C00899,2024-01-11,wrong item,2999,Rejected,
R00432,O001403,C00070,2025-08-15,Defective,499,Pending,Not Inspected
R00433,O000510,C00152,2025-11-19,Damaged,, Completed,Passed
R00434,O003974,C00099,2022-08-05,Late Delivery,799, APPROVED,Not Inspected
R00435,O003461,C00782,2023-09-07,Defective,2999,Approved,Failed
R00436,O002326,C00380,2025-05-26,Wrong Item,1499,Rejected,
R00437,O004040,C00617,2025-12-04,Damaged,1499,Approved,Passed
R00438,O004025,C00899,2023-11-29,Changed Mind,1499,Approved ,Failed
R00439,O004348,C00007,2022-10-25,Damaged,9999,Requested,
R00440,O002389,C00986,2022-05-28, Late Delivery ,1499,Pending,Not Inspected
R00441,O001988,C00691,2025-03-02,,9999,Requested,Passed
R00442,O000234,C00094,2025-03-29,Not as Described,999,Completed,
R00443,O001736,C00891,2023-05-22,Wrong Item,799,Requested,Failed
R00444,O004512,C00812,2025-07-19, WRONG ITEM,4999,,
R00445,O003135,C00660,2025-04-24,Wrong Item,499,Pending,
R00446,O004259,C00575,2025-12-25,Changed Mind,999,Rejected,Not Inspected
R00447,O003408,C00198,2023-02-23,Damaged ,,Approved,Not Inspected
R00448,O002268,C00461,2025-03-10,Not as Described,799,,
R00449,O002657,C00014,2024-09-27,Defective,2999,Rejected,Failed
R00450,O004783,C00284,2022-03-10,Changed Mind,1499,Completed,Passed
R00451,O001296,C00874,2025-09-20,Defective,1499,Completed,Failed
R00452,O001124,C00646,2022-07-24,Not as Described,4999, Pending ,Failed
R00453,O003401,C00869,2024-01-18,Wrong Item ,499,Rejected,Not Inspected
R00454,O000987,C00774,2024-03-23,Changed Mind,,Rejected,Passed
R00455,O000741,C00748,2022-04-25,Defective,2999,Requested,Not Inspected
R00456,O001030,C00516,2022-05-29,Wrong Item,499,Approved,
R00457,O002743,C00686,2022-12-23,Wrong Item,999,Pending,
R00458,O004532,C00079,2023-12-06,Defective,799,Pending,Not Inspected
R00459,O004818,C00214,2022-11-01,Late Delivery,799,Completed,Passed
R00460,O002689,C00382,2023-11-15,Not as Described,499,COMPLETED,Failed
R00461,O002395,C00560,2022-01-05,Changed Mind,999,Requested,Not Inspected
R00462,O002022,C00647,2022-11-17,Damaged,499,Requested,Passed
R00463,O001423,C00745,2025-02-11,Changed Mind,9999,Approved,Passed
R00464,O002516,C00685,2023-10-16,Damaged,799,Completed,Failed
R00465,O000601,C00213,2024-10-10,Wrong Item,,Requested,Not Inspected
R00466,O001953,C00017,2025-10-15, CHANGED MIND ,,Rejected,Not Inspected
R00467,O004943,C00631,2025-09-10,Late Delivery,799,Approved ,Failed
R00468,O002650,C00578,2025-05-14,Wrong Item,499,Approved,Passed
R00469,O004223,C00764,2022-10-23,Changed Mind,999,Completed,
R00470,O001774,C00268,2023-11-16,Late Delivery,799, Requested,
R00471,O002021,C00762,2022-11-28, Damaged ,799,Requested,
R00472,O004981,C00931,2023-04-28,Not as Described,499,approved,
R00473,O003860,C00903,2025-05-07,Wrong Item,2999,Requested,Failed
R00474,O000149,C00952,2023-01-31,Changed Mind,999,Requested,Passed
R00475,O001002,C00980,2024-07-23,Wrong Item,4999,Pending,Failed
R00476,O001034,C00514,2025-02-25,Late Delivery,799,Rejected,
R00477,O001127,C00649,2025-02-11,Not as Described,9999,Requested,
R00478,O004615,C00948,2025-06-18,Late Delivery,9999,Completed,
R00479,O002424,C00845,2025-12-25,Late Delivery,1499,REQUESTED,Not Inspected
R00480,O003176,C00073,2022-05-11,Damaged,,Completed,Not Inspected
R00481,O004674,C00871,2022-01-08,Late Delivery,499,Pending,Failed
R00482,O004126,C00990,2024-07-26,Not as Described,,Requested,Passed
R00483,O002344,C00660,2024-10-13,Defective,9999,Requested,Passed
R00484,O004793,C00944,2024-03-30,Defective,9999,Approved,Passed
R00485,O004907,C00214,2025-04-04,Changed Mind,,Requested,Passed
R00486,O002687,C00698,2023-09-16,DAMAGED,4999,Completed ,
R00487,O001849,C00804,2022-07-06, CHANGED MIND ,,Completed,Passed
R00488,O001515,C00617,2023-02-25,Wrong Item,1499,Requested,Passed
R00489,O001160,C00206,2024-10-19,Late Delivery,, Completed ,Failed
R00490,O003310,C00841,2025-03-24,Defective,,Rejected,Failed
R00491,O000506,C00804,2025-08-17,Wrong Item,9999,Requested,Failed
R00492,O000657,C00280,2022-10-15,Defective ,9999,Requested,Not Inspected
R00493,O002166,C00495,2023-07-22,Damaged,, Completed,Not Inspected
R00494,O001480,C00482,2025-06-10,Damaged,799,Completed,
R00495,O000945,C00830,2024-05-30,Not as Described,,Requested,Failed
R00496,O001191,C00787,2023-04-08,Not as Described,2999,Approved,Passed
R00497,O001428,C00819,2025-06-28,,999, Rejected ,
R00498,O000558,C00489,2023-12-25,Changed Mind,2999,Rejected,
R00499,O004131,C00480,2022-12-26,Wrong Item,799,Pending,Failed
R00500,O004696,C00520,2024-06-25,Wrong Item,499,requested ,Passed